"argomento","codice","domanda","opzione_a","opzione_b","opzione_c","opzione_d","corretta","riferimento"
"Gestione ambientale operativa - Principi e responsabilità","AMB_001","Nella gerarchia dei rifiuti, quale opzione ha priorità?","La prevenzione della produzione del rifiuto","È sempre una scelta discrezionale del singolo operatore","È sufficiente procedere come si è sempre fatto","Riguarda esclusivamente gli enti pubblici","A","Parte IV D.Lgs. 152/2006, artt. 177-188"
"Gestione ambientale operativa - Principi e responsabilità","AMB_002","Chi produce materialmente un rifiuto nell'attività lavorativa è, di regola:","Non richiede controlli o registrazioni","Può essere deciso senza conoscere il rifiuto","Si applica solo dopo un incidente","Il produttore iniziale del rifiuto","D","Parte IV D.Lgs. 152/2006, artt. 177-188"
"Gestione ambientale operativa - Principi e responsabilità","AMB_003","La gestione dei rifiuti deve avvenire senza:","È sufficiente procedere come si è sempre fatto","Riguarda esclusivamente gli enti pubblici","Pericolo per salute umana e pregiudizio per l'ambiente","È sempre una scelta discrezionale del singolo operatore","C","Parte IV D.Lgs. 152/2006, artt. 177-188"
"Gestione ambientale operativa - Principi e responsabilità","AMB_004","Prima di affidare un rifiuto a terzi, l'impresa deve:","Può essere deciso senza conoscere il rifiuto","Verificare titoli e autorizzazioni pertinenti del destinatario e del trasportatore","Si applica solo dopo un incidente","Non richiede controlli o registrazioni","B","Parte IV D.Lgs. 152/2006, artt. 177-188"
"Gestione ambientale operativa - Principi e responsabilità","AMB_005","La responsabilità operativa del lavoratore comprende:","Seguire procedure e segnalare anomalie","Riguarda esclusivamente gli enti pubblici","È sempre una scelta discrezionale del singolo operatore","È sufficiente procedere come si è sempre fatto","A","Parte IV D.Lgs. 152/2006, artt. 177-188"
"Gestione ambientale operativa - Principi e responsabilità","AMB_006","Una procedura aziendale sui rifiuti serve soprattutto a:","Si applica solo dopo un incidente","Non richiede controlli o registrazioni","Può essere deciso senza conoscere il rifiuto","Definire ruoli, flussi, controlli e registrazioni","D","Parte IV D.Lgs. 152/2006, artt. 177-188"
"Gestione ambientale operativa - Principi e responsabilità","AMB_007","Quale principio attribuisce i costi della gestione a chi genera il rifiuto?","È sempre una scelta discrezionale del singolo operatore","È sufficiente procedere come si è sempre fatto","Il principio chi inquina paga","Riguarda esclusivamente gli enti pubblici","C","Parte IV D.Lgs. 152/2006, artt. 177-188"
"Gestione ambientale operativa - Principi e responsabilità","AMB_008","L'abbandono di rifiuti sul suolo è:","Non richiede controlli o registrazioni","Vietato","Può essere deciso senza conoscere il rifiuto","Si applica solo dopo un incidente","B","Parte IV D.Lgs. 152/2006, artt. 177-188"
"Gestione ambientale operativa - Principi e responsabilità","AMB_009","Miscelare rifiuti senza valutarne compatibilità e autorizzazioni è:","Un comportamento da evitare e sottoporre a verifica preventiva","È sufficiente procedere come si è sempre fatto","Riguarda esclusivamente gli enti pubblici","È sempre una scelta discrezionale del singolo operatore","A","Parte IV D.Lgs. 152/2006, artt. 177-188"
"Gestione ambientale operativa - Principi e responsabilità","AMB_010","In caso di dubbio sulla destinazione di un materiale, l'operatore deve:","Può essere deciso senza conoscere il rifiuto","Si applica solo dopo un incidente","Non richiede controlli o registrazioni","Isolarlo e chiedere al referente ambientale","D","Parte IV D.Lgs. 152/2006, artt. 177-188"
"Gestione ambientale operativa - Prevenzione e gerarchia","AMB_011","Dopo la prevenzione, quale opzione viene prima del riciclaggio?","Riguarda esclusivamente gli enti pubblici","È sempre una scelta discrezionale del singolo operatore","La preparazione per il riutilizzo","È sufficiente procedere come si è sempre fatto","C","Artt. 179-181 D.Lgs. 152/2006; Dir. 2008/98/CE"
"Gestione ambientale operativa - Prevenzione e gerarchia","AMB_012","Quale azione riduce i rifiuti alla fonte?","Si applica solo dopo un incidente","Acquistare materiali durevoli e nella quantità necessaria","Non richiede controlli o registrazioni","Può essere deciso senza conoscere il rifiuto","B","Artt. 179-181 D.Lgs. 152/2006; Dir. 2008/98/CE"
"Gestione ambientale operativa - Prevenzione e gerarchia","AMB_013","Il riutilizzo riguarda prodotti o componenti che:","Non sono rifiuti e vengono impiegati di nuovo per la stessa finalità","È sempre una scelta discrezionale del singolo operatore","È sufficiente procedere come si è sempre fatto","Riguarda esclusivamente gli enti pubblici","A","Artt. 179-181 D.Lgs. 152/2006; Dir. 2008/98/CE"
"Gestione ambientale operativa - Prevenzione e gerarchia","AMB_014","Il riciclaggio consiste principalmente nel:","Non richiede controlli o registrazioni","Può essere deciso senza conoscere il rifiuto","Si applica solo dopo un incidente","Ritrattare rifiuti per ottenere prodotti, materiali o sostanze","D","Artt. 179-181 D.Lgs. 152/2006; Dir. 2008/98/CE"
"Gestione ambientale operativa - Prevenzione e gerarchia","AMB_015","Il recupero energetico si colloca, nella gerarchia, dopo:","È sufficiente procedere come si è sempre fatto","Riguarda esclusivamente gli enti pubblici","Prevenzione, preparazione per il riutilizzo e riciclaggio","È sempre una scelta discrezionale del singolo operatore","C","Artt. 179-181 D.Lgs. 152/2006; Dir. 2008/98/CE"
"Gestione ambientale operativa - Prevenzione e gerarchia","AMB_016","Lo smaltimento dovrebbe essere:","Può essere deciso senza conoscere il rifiuto","L'opzione residuale quando non è praticabile il recupero","Si applica solo dopo un incidente","Non richiede controlli o registrazioni","B","Artt. 179-181 D.Lgs. 152/2006; Dir. 2008/98/CE"
"Gestione ambientale operativa - Prevenzione e gerarchia","AMB_017","Per diminuire gli imballaggi, una buona scelta è:","Preferire forniture sfuse, ricaricabili o con imballaggio ridotto","Riguarda esclusivamente gli enti pubblici","È sempre una scelta discrezionale del singolo operatore","È sufficiente procedere come si è sempre fatto","A","Artt. 179-181 D.Lgs. 152/2006; Dir. 2008/98/CE"
"Gestione ambientale operativa - Prevenzione e gerarchia","AMB_018","La manutenzione preventiva delle attrezzature può:","Si applica solo dopo un incidente","Non richiede controlli o registrazioni","Può essere deciso senza conoscere il rifiuto","Allungarne la vita utile e prevenire rifiuti","D","Artt. 179-181 D.Lgs. 152/2006; Dir. 2008/98/CE"
"Gestione ambientale operativa - Prevenzione e gerarchia","AMB_019","La separazione alla fonte favorisce:","È sempre una scelta discrezionale del singolo operatore","È sufficiente procedere come si è sempre fatto","Un recupero più efficace e con minori contaminazioni","Riguarda esclusivamente gli enti pubblici","C","Artt. 179-181 D.Lgs. 152/2006; Dir. 2008/98/CE"
"Gestione ambientale operativa - Prevenzione e gerarchia","AMB_020","Un obiettivo ambientale misurabile può essere:","Non richiede controlli o registrazioni","Ridurre del 10% i rifiuti indifferenziati entro una data definita","Può essere deciso senza conoscere il rifiuto","Si applica solo dopo un incidente","B","Artt. 179-181 D.Lgs. 152/2006; Dir. 2008/98/CE"
"Gestione ambientale operativa - Classificazione dei rifiuti","AMB_021","La classificazione di un rifiuto spetta in primo luogo a:","Il produttore del rifiuto","È sufficiente procedere come si è sempre fatto","Riguarda esclusivamente gli enti pubblici","È sempre una scelta discrezionale del singolo operatore","A","Art. 184 D.Lgs. 152/2006; Decisione 2000/532/CE e s.m.i."
"Gestione ambientale operativa - Classificazione dei rifiuti","AMB_022","Il codice EER descrive:","Può essere deciso senza conoscere il rifiuto","Si applica solo dopo un incidente","Non richiede controlli o registrazioni","La tipologia e l'origine del rifiuto secondo l'elenco europeo","D","Art. 184 D.Lgs. 152/2006; Decisione 2000/532/CE e s.m.i."
"Gestione ambientale operativa - Classificazione dei rifiuti","AMB_023","Un codice EER contrassegnato da asterisco identifica:","Riguarda esclusivamente gli enti pubblici","È sempre una scelta discrezionale del singolo operatore","Un rifiuto pericoloso","È sufficiente procedere come si è sempre fatto","C","Art. 184 D.Lgs. 152/2006; Decisione 2000/532/CE e s.m.i."
"Gestione ambientale operativa - Classificazione dei rifiuti","AMB_024","Per scegliere il codice EER occorre considerare anzitutto:","Si applica solo dopo un incidente","Il processo che ha generato il rifiuto","Non richiede controlli o registrazioni","Può essere deciso senza conoscere il rifiuto","B","Art. 184 D.Lgs. 152/2006; Decisione 2000/532/CE e s.m.i."
"Gestione ambientale operativa - Classificazione dei rifiuti","AMB_025","I codici specchio richiedono:","La valutazione delle sostanze presenti e delle caratteristiche di pericolo","È sempre una scelta discrezionale del singolo operatore","È sufficiente procedere come si è sempre fatto","Riguarda esclusivamente gli enti pubblici","A","Art. 184 D.Lgs. 152/2006; Decisione 2000/532/CE e s.m.i."
"Gestione ambientale operativa - Classificazione dei rifiuti","AMB_026","L'aspetto visivo è sufficiente per classificare un rifiuto?","Non richiede controlli o registrazioni","Può essere deciso senza conoscere il rifiuto","Si applica solo dopo un incidente","No, deve essere valutata origine, composizione e, se necessario, analisi","D","Art. 184 D.Lgs. 152/2006; Decisione 2000/532/CE e s.m.i."
"Gestione ambientale operativa - Classificazione dei rifiuti","AMB_027","Un contenitore vuoto contaminato da sostanze pericolose può:","È sufficiente procedere come si è sempre fatto","Riguarda esclusivamente gli enti pubblici","Richiedere una classificazione come rifiuto pericoloso","È sempre una scelta discrezionale del singolo operatore","C","Art. 184 D.Lgs. 152/2006; Decisione 2000/532/CE e s.m.i."
"Gestione ambientale operativa - Classificazione dei rifiuti","AMB_028","La scheda di sicurezza di una sostanza può aiutare a:","Può essere deciso senza conoscere il rifiuto","Ricostruire composizione e pericoli del rifiuto generato","Si applica solo dopo un incidente","Non richiede controlli o registrazioni","B","Art. 184 D.Lgs. 152/2006; Decisione 2000/532/CE e s.m.i."
"Gestione ambientale operativa - Classificazione dei rifiuti","AMB_029","Il codice EER deve essere attribuito:","Prima dell'avvio del rifiuto alla gestione","Riguarda esclusivamente gli enti pubblici","È sempre una scelta discrezionale del singolo operatore","È sufficiente procedere come si è sempre fatto","A","Art. 184 D.Lgs. 152/2006; Decisione 2000/532/CE e s.m.i."
"Gestione ambientale operativa - Classificazione dei rifiuti","AMB_030","Se cambia il processo produttivo, la classificazione dei rifiuti deve:","Si applica solo dopo un incidente","Non richiede controlli o registrazioni","Può essere deciso senza conoscere il rifiuto","Essere riesaminata","D","Art. 184 D.Lgs. 152/2006; Decisione 2000/532/CE e s.m.i."
"Gestione ambientale operativa - Pericolosità e incompatibilità","AMB_031","Le caratteristiche HP indicano:","È sempre una scelta discrezionale del singolo operatore","È sufficiente procedere come si è sempre fatto","Le caratteristiche di pericolo dei rifiuti","Riguarda esclusivamente gli enti pubblici","C","Reg. (UE) 1357/2014; Reg. (UE) 2017/997; Parte IV D.Lgs. 152/2006"
"Gestione ambientale operativa - Pericolosità e incompatibilità","AMB_032","Prima di unire residui diversi occorre:","Non richiede controlli o registrazioni","Verificarne compatibilità chimica e ammissibilità normativa","Può essere deciso senza conoscere il rifiuto","Si applica solo dopo un incidente","B","Reg. (UE) 1357/2014; Reg. (UE) 2017/997; Parte IV D.Lgs. 152/2006"
"Gestione ambientale operativa - Pericolosità e incompatibilità","AMB_033","Un rifiuto infiammabile deve essere tenuto lontano da:","Fonti di calore, scintille e fiamme","È sufficiente procedere come si è sempre fatto","Riguarda esclusivamente gli enti pubblici","È sempre una scelta discrezionale del singolo operatore","A","Reg. (UE) 1357/2014; Reg. (UE) 2017/997; Parte IV D.Lgs. 152/2006"
"Gestione ambientale operativa - Pericolosità e incompatibilità","AMB_034","Acidi e basi concentrate devono essere:","Può essere deciso senza conoscere il rifiuto","Si applica solo dopo un incidente","Non richiede controlli o registrazioni","Separati per evitare reazioni pericolose","D","Reg. (UE) 1357/2014; Reg. (UE) 2017/997; Parte IV D.Lgs. 152/2006"
"Gestione ambientale operativa - Pericolosità e incompatibilità","AMB_035","Un contenitore rigonfio o che sviluppa gas deve:","Riguarda esclusivamente gli enti pubblici","È sempre una scelta discrezionale del singolo operatore","Essere isolato e gestito secondo la procedura di emergenza","È sufficiente procedere come si è sempre fatto","C","Reg. (UE) 1357/2014; Reg. (UE) 2017/997; Parte IV D.Lgs. 152/2006"
"Gestione ambientale operativa - Pericolosità e incompatibilità","AMB_036","I rifiuti ossidanti possono:","Si applica solo dopo un incidente","Intensificare un incendio a contatto con combustibili","Non richiede controlli o registrazioni","Può essere deciso senza conoscere il rifiuto","B","Reg. (UE) 1357/2014; Reg. (UE) 2017/997; Parte IV D.Lgs. 152/2006"
"Gestione ambientale operativa - Pericolosità e incompatibilità","AMB_037","Per manipolare rifiuti pericolosi occorre usare:","I DPI previsti dalla valutazione e dalla procedura","È sempre una scelta discrezionale del singolo operatore","È sufficiente procedere come si è sempre fatto","Riguarda esclusivamente gli enti pubblici","A","Reg. (UE) 1357/2014; Reg. (UE) 2017/997; Parte IV D.Lgs. 152/2006"
"Gestione ambientale operativa - Pericolosità e incompatibilità","AMB_038","La diluizione di un rifiuto pericoloso per ridurne formalmente la pericolosità è:","Non richiede controlli o registrazioni","Può essere deciso senza conoscere il rifiuto","Si applica solo dopo un incidente","Non una corretta modalità di classificazione o gestione","D","Reg. (UE) 1357/2014; Reg. (UE) 2017/997; Parte IV D.Lgs. 152/2006"
"Gestione ambientale operativa - Pericolosità e incompatibilità","AMB_039","Un'etichetta illeggibile su un rifiuto pericoloso richiede:","È sufficiente procedere come si è sempre fatto","Riguarda esclusivamente gli enti pubblici","Messa in sicurezza e ripristino dell'identificazione","È sempre una scelta discrezionale del singolo operatore","C","Reg. (UE) 1357/2014; Reg. (UE) 2017/997; Parte IV D.Lgs. 152/2006"
"Gestione ambientale operativa - Pericolosità e incompatibilità","AMB_040","La compatibilità dei materiali del contenitore va verificata rispetto a:","Può essere deciso senza conoscere il rifiuto","Proprietà chimiche e fisiche del rifiuto","Si applica solo dopo un incidente","Non richiede controlli o registrazioni","B","Reg. (UE) 1357/2014; Reg. (UE) 2017/997; Parte IV D.Lgs. 152/2006"
"Gestione ambientale operativa - Deposito temporaneo","AMB_041","Il deposito temporaneo prima della raccolta avviene:","Nel luogo in cui i rifiuti sono prodotti, alle condizioni di legge","Riguarda esclusivamente gli enti pubblici","È sempre una scelta discrezionale del singolo operatore","È sufficiente procedere come si è sempre fatto","A","Art. 185-bis D.Lgs. 152/2006"
"Gestione ambientale operativa - Deposito temporaneo","AMB_042","Nel deposito temporaneo i rifiuti devono essere raggruppati:","Si applica solo dopo un incidente","Non richiede controlli o registrazioni","Può essere deciso senza conoscere il rifiuto","Per categorie omogenee e nel rispetto delle norme tecniche","D","Art. 185-bis D.Lgs. 152/2006"
"Gestione ambientale operativa - Deposito temporaneo","AMB_043","I rifiuti pericolosi nel deposito temporaneo devono rispettare:","È sempre una scelta discrezionale del singolo operatore","È sufficiente procedere come si è sempre fatto","Norme su imballaggio ed etichettatura delle sostanze pericolose","Riguarda esclusivamente gli enti pubblici","C","Art. 185-bis D.Lgs. 152/2006"
"Gestione ambientale operativa - Deposito temporaneo","AMB_044","Il criterio temporale ordinario per l'avvio a recupero o smaltimento è almeno:","Non richiede controlli o registrazioni","Trimestrale, indipendentemente dalle quantità","Può essere deciso senza conoscere il rifiuto","Si applica solo dopo un incidente","B","Art. 185-bis D.Lgs. 152/2006"
"Gestione ambientale operativa - Deposito temporaneo","AMB_045","In alternativa al criterio temporale si può usare il criterio quantitativo entro:","30 m³ complessivi, di cui al massimo 10 m³ pericolosi","È sufficiente procedere come si è sempre fatto","Riguarda esclusivamente gli enti pubblici","È sempre una scelta discrezionale del singolo operatore","A","Art. 185-bis D.Lgs. 152/2006"
"Gestione ambientale operativa - Deposito temporaneo","AMB_046","Se si supera il limite quantitativo annuo scelto, il conferimento deve avvenire:","Può essere deciso senza conoscere il rifiuto","Si applica solo dopo un incidente","Non richiede controlli o registrazioni","Almeno una volta l'anno","D","Art. 185-bis D.Lgs. 152/2006"
"Gestione ambientale operativa - Deposito temporaneo","AMB_047","Il deposito temporaneo può essere collocato liberamente presso un'altra azienda?","Riguarda esclusivamente gli enti pubblici","È sempre una scelta discrezionale del singolo operatore","No, salvo specifiche condizioni previste dalla legge","È sufficiente procedere come si è sempre fatto","C","Art. 185-bis D.Lgs. 152/2006"
"Gestione ambientale operativa - Deposito temporaneo","AMB_048","L'area di deposito deve essere:","Si applica solo dopo un incidente","Organizzata, identificata e accessibile al solo personale autorizzato","Non richiede controlli o registrazioni","Può essere deciso senza conoscere il rifiuto","B","Art. 185-bis D.Lgs. 152/2006"
"Gestione ambientale operativa - Deposito temporaneo","AMB_049","La pavimentazione del deposito deve aiutare a:","Prevenire infiltrazioni e facilitare raccolta e pulizia","È sempre una scelta discrezionale del singolo operatore","È sufficiente procedere come si è sempre fatto","Riguarda esclusivamente gli enti pubblici","A","Art. 185-bis D.Lgs. 152/2006"
"Gestione ambientale operativa - Deposito temporaneo","AMB_050","I quantitativi presenti nel deposito devono essere:","Non richiede controlli o registrazioni","Può essere deciso senza conoscere il rifiuto","Si applica solo dopo un incidente","Controllati per rispettare criteri e capacità disponibili","D","Art. 185-bis D.Lgs. 152/2006"
"Gestione ambientale operativa - Contenitori ed etichettatura","AMB_051","Un contenitore per rifiuti deve essere:","È sufficiente procedere come si è sempre fatto","Riguarda esclusivamente gli enti pubblici","Integro, compatibile e idoneo al contenuto","È sempre una scelta discrezionale del singolo operatore","C","Art. 185-bis D.Lgs. 152/2006; norme tecniche e ADR ove applicabile"
"Gestione ambientale operativa - Contenitori ed etichettatura","AMB_052","Ogni recipiente deve consentire di riconoscere:","Può essere deciso senza conoscere il rifiuto","Il rifiuto contenuto e il relativo codice EER","Si applica solo dopo un incidente","Non richiede controlli o registrazioni","B","Art. 185-bis D.Lgs. 152/2006; norme tecniche e ADR ove applicabile"
"Gestione ambientale operativa - Contenitori ed etichettatura","AMB_053","I contenitori devono rimanere normalmente:","Chiusi, salvo le operazioni necessarie di conferimento","Riguarda esclusivamente gli enti pubblici","È sempre una scelta discrezionale del singolo operatore","È sufficiente procedere come si è sempre fatto","A","Art. 185-bis D.Lgs. 152/2006; norme tecniche e ADR ove applicabile"
"Gestione ambientale operativa - Contenitori ed etichettatura","AMB_054","Riempire un contenitore oltre la capacità sicura può causare:","Si applica solo dopo un incidente","Non richiede controlli o registrazioni","Può essere deciso senza conoscere il rifiuto","Sversamenti e difficoltà di movimentazione","D","Art. 185-bis D.Lgs. 152/2006; norme tecniche e ADR ove applicabile"
"Gestione ambientale operativa - Contenitori ed etichettatura","AMB_055","Per i liquidi è buona pratica usare:","È sempre una scelta discrezionale del singolo operatore","È sufficiente procedere come si è sempre fatto","Bacini di contenimento dimensionati e compatibili","Riguarda esclusivamente gli enti pubblici","C","Art. 185-bis D.Lgs. 152/2006; norme tecniche e ADR ove applicabile"
"Gestione ambientale operativa - Contenitori ed etichettatura","AMB_056","Un fusto danneggiato deve essere:","Non richiede controlli o registrazioni","Messo in sicurezza e sostituito secondo procedura","Può essere deciso senza conoscere il rifiuto","Si applica solo dopo un incidente","B","Art. 185-bis D.Lgs. 152/2006; norme tecniche e ADR ove applicabile"
"Gestione ambientale operativa - Contenitori ed etichettatura","AMB_057","L'etichetta va applicata:","In posizione visibile e mantenuta leggibile","È sufficiente procedere come si è sempre fatto","Riguarda esclusivamente gli enti pubblici","È sempre una scelta discrezionale del singolo operatore","A","Art. 185-bis D.Lgs. 152/2006; norme tecniche e ADR ove applicabile"
"Gestione ambientale operativa - Contenitori ed etichettatura","AMB_058","Contenitori simili con rifiuti diversi devono essere:","Può essere deciso senza conoscere il rifiuto","Si applica solo dopo un incidente","Non richiede controlli o registrazioni","Chiaramente distinti per evitare errori","D","Art. 185-bis D.Lgs. 152/2006; norme tecniche e ADR ove applicabile"
"Gestione ambientale operativa - Contenitori ed etichettatura","AMB_059","Prima di riutilizzare un contenitore per un altro rifiuto occorre:","Riguarda esclusivamente gli enti pubblici","È sempre una scelta discrezionale del singolo operatore","Verificare pulizia, compatibilità e autorizzazione della procedura","È sufficiente procedere come si è sempre fatto","C","Art. 185-bis D.Lgs. 152/2006; norme tecniche e ADR ove applicabile"
"Gestione ambientale operativa - Contenitori ed etichettatura","AMB_060","I rifiuti polverulenti devono essere contenuti in modo da:","Si applica solo dopo un incidente","Evitare dispersioni nell'ambiente di lavoro e all'esterno","Non richiede controlli o registrazioni","Può essere deciso senza conoscere il rifiuto","B","Art. 185-bis D.Lgs. 152/2006; norme tecniche e ADR ove applicabile"
"Gestione ambientale operativa - Raccolta differenziata operativa","AMB_061","La carta sporca di sostanze chimiche va conferita:","Secondo la classificazione e la procedura, non automaticamente con la carta pulita","È sempre una scelta discrezionale del singolo operatore","È sufficiente procedere come si è sempre fatto","Riguarda esclusivamente gli enti pubblici","A","Artt. 179-182 D.Lgs. 152/2006; procedure aziendali"
"Gestione ambientale operativa - Raccolta differenziata operativa","AMB_062","Un imballaggio con residui deve essere:","Non richiede controlli o registrazioni","Può essere deciso senza conoscere il rifiuto","Si applica solo dopo un incidente","Valutato in base al residuo e alla possibilità di bonifica","D","Artt. 179-182 D.Lgs. 152/2006; procedure aziendali"
"Gestione ambientale operativa - Raccolta differenziata operativa","AMB_063","I rifiuti organici devono essere gestiti in modo da:","È sufficiente procedere come si è sempre fatto","Riguarda esclusivamente gli enti pubblici","Limitare odori, percolati e infestanti","È sempre una scelta discrezionale del singolo operatore","C","Artt. 179-182 D.Lgs. 152/2006; procedure aziendali"
"Gestione ambientale operativa - Raccolta differenziata operativa","AMB_064","Le pile esauste vanno:","Può essere deciso senza conoscere il rifiuto","Raccolte separatamente in contenitori idonei","Si applica solo dopo un incidente","Non richiede controlli o registrazioni","B","Artt. 179-182 D.Lgs. 152/2006; procedure aziendali"
"Gestione ambientale operativa - Raccolta differenziata operativa","AMB_065","Le lampade esauste devono essere:","Protette dalla rottura e raccolte nel flusso dedicato","Riguarda esclusivamente gli enti pubblici","È sempre una scelta discrezionale del singolo operatore","È sufficiente procedere come si è sempre fatto","A","Artt. 179-182 D.Lgs. 152/2006; procedure aziendali"
"Gestione ambientale operativa - Raccolta differenziata operativa","AMB_066","Toner e cartucce esauste devono essere:","Si applica solo dopo un incidente","Non richiede controlli o registrazioni","Può essere deciso senza conoscere il rifiuto","Conferiti nei contenitori e circuiti previsti","D","Artt. 179-182 D.Lgs. 152/2006; procedure aziendali"
"Gestione ambientale operativa - Raccolta differenziata operativa","AMB_067","Il vetro rotto richiede:","È sempre una scelta discrezionale del singolo operatore","È sufficiente procedere come si è sempre fatto","Un contenitore rigido e procedure contro tagli e dispersioni","Riguarda esclusivamente gli enti pubblici","C","Artt. 179-182 D.Lgs. 152/2006; procedure aziendali"
"Gestione ambientale operativa - Raccolta differenziata operativa","AMB_068","I filtri contaminati devono essere:","Non richiede controlli o registrazioni","Classificati considerando le sostanze trattenute","Può essere deciso senza conoscere il rifiuto","Si applica solo dopo un incidente","B","Artt. 179-182 D.Lgs. 152/2006; procedure aziendali"
"Gestione ambientale operativa - Raccolta differenziata operativa","AMB_069","Gli assorbenti usati per uno sversamento devono essere:","Gestiti tenendo conto della sostanza assorbita","È sufficiente procedere come si è sempre fatto","Riguarda esclusivamente gli enti pubblici","È sempre una scelta discrezionale del singolo operatore","A","Artt. 179-182 D.Lgs. 152/2006; procedure aziendali"
"Gestione ambientale operativa - Raccolta differenziata operativa","AMB_070","La segnaletica sui punti di raccolta deve essere:","Può essere deciso senza conoscere il rifiuto","Si applica solo dopo un incidente","Non richiede controlli o registrazioni","Chiara, coerente e comprensibile agli utilizzatori","D","Artt. 179-182 D.Lgs. 152/2006; procedure aziendali"
"Gestione ambientale operativa - Tracciabilità e registri","AMB_071","La tracciabilità serve a:","Riguarda esclusivamente gli enti pubblici","È sempre una scelta discrezionale del singolo operatore","Ricostruire produzione, movimentazione e destinazione dei rifiuti","È sufficiente procedere come si è sempre fatto","C","Artt. 188-bis, 190 e 193 D.Lgs. 152/2006; D.M. 59/2023"
"Gestione ambientale operativa - Tracciabilità e registri","AMB_072","Il registro cronologico riporta, secondo gli obblighi applicabili:","Si applica solo dopo un incidente","Carichi e scarichi dei rifiuti","Non richiede controlli o registrazioni","Può essere deciso senza conoscere il rifiuto","B","Artt. 188-bis, 190 e 193 D.Lgs. 152/2006; D.M. 59/2023"
"Gestione ambientale operativa - Tracciabilità e registri","AMB_073","I dati registrati devono essere:","Veritieri, completi e coerenti con i documenti","È sempre una scelta discrezionale del singolo operatore","È sufficiente procedere come si è sempre fatto","Riguarda esclusivamente gli enti pubblici","A","Artt. 188-bis, 190 e 193 D.Lgs. 152/2006; D.M. 59/2023"
"Gestione ambientale operativa - Tracciabilità e registri","AMB_074","Una correzione documentale deve essere:","Non richiede controlli o registrazioni","Può essere deciso senza conoscere il rifiuto","Si applica solo dopo un incidente","Tracciabile e conforme alle modalità previste","D","Artt. 188-bis, 190 e 193 D.Lgs. 152/2006; D.M. 59/2023"
"Gestione ambientale operativa - Tracciabilità e registri","AMB_075","Il peso indicato alla partenza può essere:","È sufficiente procedere come si è sempre fatto","Riguarda esclusivamente gli enti pubblici","Stimato, se previsto, con verifica a destino","È sempre una scelta discrezionale del singolo operatore","C","Artt. 188-bis, 190 e 193 D.Lgs. 152/2006; D.M. 59/2023"
"Gestione ambientale operativa - Tracciabilità e registri","AMB_076","I documenti ambientali devono essere conservati:","Può essere deciso senza conoscere il rifiuto","Per il periodo previsto dalla normativa applicabile","Si applica solo dopo un incidente","Non richiede controlli o registrazioni","B","Artt. 188-bis, 190 e 193 D.Lgs. 152/2006; D.M. 59/2023"
"Gestione ambientale operativa - Tracciabilità e registri","AMB_077","Una differenza anomala di peso richiede:","Verifica e gestione della non conformità","Riguarda esclusivamente gli enti pubblici","È sempre una scelta discrezionale del singolo operatore","È sufficiente procedere come si è sempre fatto","A","Artt. 188-bis, 190 e 193 D.Lgs. 152/2006; D.M. 59/2023"
"Gestione ambientale operativa - Tracciabilità e registri","AMB_078","Il collegamento tra carico e scarico permette di:","Si applica solo dopo un incidente","Non richiede controlli o registrazioni","Può essere deciso senza conoscere il rifiuto","Dimostrare la movimentazione del rifiuto","D","Artt. 188-bis, 190 e 193 D.Lgs. 152/2006; D.M. 59/2023"
"Gestione ambientale operativa - Tracciabilità e registri","AMB_079","Chi compila dati sui rifiuti deve:","È sempre una scelta discrezionale del singolo operatore","È sufficiente procedere come si è sempre fatto","Essere formato sulle procedure e sui dati necessari","Riguarda esclusivamente gli enti pubblici","C","Artt. 188-bis, 190 e 193 D.Lgs. 152/2006; D.M. 59/2023"
"Gestione ambientale operativa - Tracciabilità e registri","AMB_080","Le registrazioni vanno effettuate:","Non richiede controlli o registrazioni","Nei termini previsti per la categoria del soggetto","Può essere deciso senza conoscere il rifiuto","Si applica solo dopo un incidente","B","Artt. 188-bis, 190 e 193 D.Lgs. 152/2006; D.M. 59/2023"
"Gestione ambientale operativa - Formulario e trasporto","AMB_081","Il formulario accompagna di regola:","Il trasporto dei rifiuti","È sufficiente procedere come si è sempre fatto","Riguarda esclusivamente gli enti pubblici","È sempre una scelta discrezionale del singolo operatore","A","Art. 193 D.Lgs. 152/2006; D.M. 59/2023"
"Gestione ambientale operativa - Formulario e trasporto","AMB_082","Prima della partenza occorre verificare:","Può essere deciso senza conoscere il rifiuto","Si applica solo dopo un incidente","Non richiede controlli o registrazioni","Coerenza tra rifiuto, codice, quantità, colli e destinatario","D","Art. 193 D.Lgs. 152/2006; D.M. 59/2023"
"Gestione ambientale operativa - Formulario e trasporto","AMB_083","Il conducente deve ricevere:","Riguarda esclusivamente gli enti pubblici","È sempre una scelta discrezionale del singolo operatore","La documentazione prevista correttamente compilata","È sufficiente procedere come si è sempre fatto","C","Art. 193 D.Lgs. 152/2006; D.M. 59/2023"
"Gestione ambientale operativa - Formulario e trasporto","AMB_084","Un trasportatore deve essere:","Si applica solo dopo un incidente","Abilitato per la tipologia di rifiuto e l'attività svolta","Non richiede controlli o registrazioni","Può essere deciso senza conoscere il rifiuto","B","Art. 193 D.Lgs. 152/2006; D.M. 59/2023"
"Gestione ambientale operativa - Formulario e trasporto","AMB_085","Il destinatario indicato deve poter ricevere:","Quello specifico rifiuto nelle condizioni autorizzate","È sempre una scelta discrezionale del singolo operatore","È sufficiente procedere come si è sempre fatto","Riguarda esclusivamente gli enti pubblici","A","Art. 193 D.Lgs. 152/2006; D.M. 59/2023"
"Gestione ambientale operativa - Formulario e trasporto","AMB_086","In caso di respingimento del carico occorre:","Non richiede controlli o registrazioni","Può essere deciso senza conoscere il rifiuto","Si applica solo dopo un incidente","Attivare subito la procedura e garantire tracciabilità","D","Art. 193 D.Lgs. 152/2006; D.M. 59/2023"
"Gestione ambientale operativa - Formulario e trasporto","AMB_087","La verifica della targa del mezzo aiuta a:","È sufficiente procedere come si è sempre fatto","Riguarda esclusivamente gli enti pubblici","Controllare la corrispondenza con i titoli di trasporto","È sempre una scelta discrezionale del singolo operatore","C","Art. 193 D.Lgs. 152/2006; D.M. 59/2023"
"Gestione ambientale operativa - Formulario e trasporto","AMB_088","I colli consegnati al trasportatore devono essere:","Può essere deciso senza conoscere il rifiuto","Chiusi, integri e identificati","Si applica solo dopo un incidente","Non richiede controlli o registrazioni","B","Art. 193 D.Lgs. 152/2006; D.M. 59/2023"
"Gestione ambientale operativa - Formulario e trasporto","AMB_089","Il produttore deve ricevere evidenza dell'accettazione a destino:","Secondo le modalità e i termini previsti","Riguarda esclusivamente gli enti pubblici","È sempre una scelta discrezionale del singolo operatore","È sufficiente procedere come si è sempre fatto","A","Art. 193 D.Lgs. 152/2006; D.M. 59/2023"
"Gestione ambientale operativa - Formulario e trasporto","AMB_090","Firmare un formulario senza controllarlo è:","Si applica solo dopo un incidente","Non richiede controlli o registrazioni","Può essere deciso senza conoscere il rifiuto","Una pratica scorretta che può compromettere la tracciabilità","D","Art. 193 D.Lgs. 152/2006; D.M. 59/2023"
"Gestione ambientale operativa - RENTRI","AMB_091","RENTRI significa:","È sempre una scelta discrezionale del singolo operatore","È sufficiente procedere come si è sempre fatto","Registro elettronico nazionale per la tracciabilità dei rifiuti","Riguarda esclusivamente gli enti pubblici","C","D.M. 4 aprile 2023 n. 59; portale RENTRI"
"Gestione ambientale operativa - RENTRI","AMB_092","Il RENTRI introduce:","Non richiede controlli o registrazioni","Una gestione digitale progressiva della tracciabilità dei rifiuti","Può essere deciso senza conoscere il rifiuto","Si applica solo dopo un incidente","B","D.M. 4 aprile 2023 n. 59; portale RENTRI"
"Gestione ambientale operativa - RENTRI","AMB_093","L'iscrizione al RENTRI avviene:","Secondo scaglioni e requisiti previsti dalla normativa","È sufficiente procedere come si è sempre fatto","Riguarda esclusivamente gli enti pubblici","È sempre una scelta discrezionale del singolo operatore","A","D.M. 4 aprile 2023 n. 59; portale RENTRI"
"Gestione ambientale operativa - RENTRI","AMB_094","I nuovi modelli di registro e formulario sono definiti da:","Può essere deciso senza conoscere il rifiuto","Si applica solo dopo un incidente","Non richiede controlli o registrazioni","D.M. 59/2023 e decreti direttoriali attuativi","D","D.M. 4 aprile 2023 n. 59; portale RENTRI"
"Gestione ambientale operativa - RENTRI","AMB_095","Prima di applicare una scadenza RENTRI occorre verificare:","Riguarda esclusivamente gli enti pubblici","È sempre una scelta discrezionale del singolo operatore","Categoria, numero di dipendenti e attività del soggetto","È sufficiente procedere come si è sempre fatto","C","D.M. 4 aprile 2023 n. 59; portale RENTRI"
"Gestione ambientale operativa - RENTRI","AMB_096","L'accesso ai servizi RENTRI richiede:","Si applica solo dopo un incidente","Identificazione digitale e corretta gestione delle deleghe","Non richiede controlli o registrazioni","Può essere deciso senza conoscere il rifiuto","B","D.M. 4 aprile 2023 n. 59; portale RENTRI"
"Gestione ambientale operativa - RENTRI","AMB_097","La vidimazione digitale del formulario è collegata a:","Servizi previsti dal sistema RENTRI","È sempre una scelta discrezionale del singolo operatore","È sufficiente procedere come si è sempre fatto","Riguarda esclusivamente gli enti pubblici","A","D.M. 4 aprile 2023 n. 59; portale RENTRI"
"Gestione ambientale operativa - RENTRI","AMB_098","Un errore nei dati digitali deve essere gestito:","Non richiede controlli o registrazioni","Può essere deciso senza conoscere il rifiuto","Si applica solo dopo un incidente","Con le procedure di rettifica previste, mantenendo la tracciabilità","D","D.M. 4 aprile 2023 n. 59; portale RENTRI"
"Gestione ambientale operativa - RENTRI","AMB_099","Le procedure aziendali RENTRI devono indicare:","È sufficiente procedere come si è sempre fatto","Riguarda esclusivamente gli enti pubblici","Chi inserisce, controlla e conserva i dati","È sempre una scelta discrezionale del singolo operatore","C","D.M. 4 aprile 2023 n. 59; portale RENTRI"
"Gestione ambientale operativa - RENTRI","AMB_100","L'adozione del RENTRI elimina la necessità di controllare i dati?","Può essere deciso senza conoscere il rifiuto","No, la qualità e coerenza dei dati restano essenziali","Si applica solo dopo un incidente","Non richiede controlli o registrazioni","B","D.M. 4 aprile 2023 n. 59; portale RENTRI"
"Gestione ambientale operativa - Albo e autorizzazioni","AMB_101","L'Albo nazionale gestori ambientali riguarda, tra gli altri:","Soggetti che svolgono attività di raccolta e trasporto rifiuti","Riguarda esclusivamente gli enti pubblici","È sempre una scelta discrezionale del singolo operatore","È sufficiente procedere come si è sempre fatto","A","Art. 212 D.Lgs. 152/2006; Albo nazionale gestori ambientali"
"Gestione ambientale operativa - Albo e autorizzazioni","AMB_102","Prima di affidare un trasporto si deve controllare:","Si applica solo dopo un incidente","Non richiede controlli o registrazioni","Può essere deciso senza conoscere il rifiuto","Validità dell'iscrizione e codici EER autorizzati","D","Art. 212 D.Lgs. 152/2006; Albo nazionale gestori ambientali"
"Gestione ambientale operativa - Albo e autorizzazioni","AMB_103","Un'autorizzazione scaduta è:","È sempre una scelta discrezionale del singolo operatore","È sufficiente procedere come si è sempre fatto","Non idonea a coprire l'attività","Riguarda esclusivamente gli enti pubblici","C","Art. 212 D.Lgs. 152/2006; Albo nazionale gestori ambientali"
"Gestione ambientale operativa - Albo e autorizzazioni","AMB_104","L'iscrizione del trasportatore va confrontata con:","Non richiede controlli o registrazioni","Rifiuti, categorie, classi e veicoli autorizzati","Può essere deciso senza conoscere il rifiuto","Si applica solo dopo un incidente","B","Art. 212 D.Lgs. 152/2006; Albo nazionale gestori ambientali"
"Gestione ambientale operativa - Albo e autorizzazioni","AMB_105","L'autorizzazione dell'impianto indica:","Operazioni e rifiuti che può ricevere, con eventuali limiti","È sufficiente procedere come si è sempre fatto","Riguarda esclusivamente gli enti pubblici","È sempre una scelta discrezionale del singolo operatore","A","Art. 212 D.Lgs. 152/2006; Albo nazionale gestori ambientali"
"Gestione ambientale operativa - Albo e autorizzazioni","AMB_106","La sola disponibilità di un automezzo rende lecito il trasporto?","Può essere deciso senza conoscere il rifiuto","Si applica solo dopo un incidente","Non richiede controlli o registrazioni","No, occorrono i titoli previsti","D","Art. 212 D.Lgs. 152/2006; Albo nazionale gestori ambientali"
"Gestione ambientale operativa - Albo e autorizzazioni","AMB_107","Il trasporto dei propri rifiuti può richiedere:","Riguarda esclusivamente gli enti pubblici","È sempre una scelta discrezionale del singolo operatore","Una specifica iscrizione all'Albo nei casi previsti","È sufficiente procedere come si è sempre fatto","C","Art. 212 D.Lgs. 152/2006; Albo nazionale gestori ambientali"
"Gestione ambientale operativa - Albo e autorizzazioni","AMB_108","Una copia del provvedimento autorizzativo serve a:","Si applica solo dopo un incidente","Verificare l'effettivo ambito dell'abilitazione","Non richiede controlli o registrazioni","Può essere deciso senza conoscere il rifiuto","B","Art. 212 D.Lgs. 152/2006; Albo nazionale gestori ambientali"
"Gestione ambientale operativa - Albo e autorizzazioni","AMB_109","Se il codice EER non compare nell'autorizzazione del destinatario:","Il rifiuto non deve essere conferito a quell'impianto","È sempre una scelta discrezionale del singolo operatore","È sufficiente procedere come si è sempre fatto","Riguarda esclusivamente gli enti pubblici","A","Art. 212 D.Lgs. 152/2006; Albo nazionale gestori ambientali"
"Gestione ambientale operativa - Albo e autorizzazioni","AMB_110","Le verifiche sui fornitori ambientali dovrebbero essere:","Non richiede controlli o registrazioni","Può essere deciso senza conoscere il rifiuto","Si applica solo dopo un incidente","Documentate e aggiornate periodicamente","D","Art. 212 D.Lgs. 152/2006; Albo nazionale gestori ambientali"
"Gestione ambientale operativa - Sversamenti ed emergenze","AMB_111","Alla scoperta di uno sversamento la prima azione è:","È sufficiente procedere come si è sempre fatto","Riguarda esclusivamente gli enti pubblici","Mettere in sicurezza le persone e dare l'allarme secondo procedura","È sempre una scelta discrezionale del singolo operatore","C","Art. 242 D.Lgs. 152/2006; D.Lgs. 81/2008; procedure aziendali"
"Gestione ambientale operativa - Sversamenti ed emergenze","AMB_112","Uno sversamento va contenuto soltanto se:","Può essere deciso senza conoscere il rifiuto","È possibile farlo in sicurezza con mezzi e formazione adeguati","Si applica solo dopo un incidente","Non richiede controlli o registrazioni","B","Art. 242 D.Lgs. 152/2006; D.Lgs. 81/2008; procedure aziendali"
"Gestione ambientale operativa - Sversamenti ed emergenze","AMB_113","Gli assorbenti contaminati dopo l'intervento diventano:","Rifiuti da classificare in base alla sostanza assorbita","Riguarda esclusivamente gli enti pubblici","È sempre una scelta discrezionale del singolo operatore","È sufficiente procedere come si è sempre fatto","A","Art. 242 D.Lgs. 152/2006; D.Lgs. 81/2008; procedure aziendali"
"Gestione ambientale operativa - Sversamenti ed emergenze","AMB_114","È corretto lavare uno sversamento verso un tombino?","Si applica solo dopo un incidente","Non richiede controlli o registrazioni","Può essere deciso senza conoscere il rifiuto","No, salvo specifica procedura autorizzata che ne garantisca la gestione","D","Art. 242 D.Lgs. 152/2006; D.Lgs. 81/2008; procedure aziendali"
"Gestione ambientale operativa - Sversamenti ed emergenze","AMB_115","I kit antisversamento devono essere:","È sempre una scelta discrezionale del singolo operatore","È sufficiente procedere come si è sempre fatto","Accessibili, completi e adatti alle sostanze presenti","Riguarda esclusivamente gli enti pubblici","C","Art. 242 D.Lgs. 152/2006; D.Lgs. 81/2008; procedure aziendali"
"Gestione ambientale operativa - Sversamenti ed emergenze","AMB_116","Dopo un'emergenza ambientale è necessario:","Non richiede controlli o registrazioni","Registrare l'evento, gestire i rifiuti e individuare azioni correttive","Può essere deciso senza conoscere il rifiuto","Si applica solo dopo un incidente","B","Art. 242 D.Lgs. 152/2006; D.Lgs. 81/2008; procedure aziendali"
"Gestione ambientale operativa - Sversamenti ed emergenze","AMB_117","In caso di contaminazione potenziale di suolo o acque occorre:","Attivare immediatamente i responsabili e gli adempimenti applicabili","È sufficiente procedere come si è sempre fatto","Riguarda esclusivamente gli enti pubblici","È sempre una scelta discrezionale del singolo operatore","A","Art. 242 D.Lgs. 152/2006; D.Lgs. 81/2008; procedure aziendali"
"Gestione ambientale operativa - Sversamenti ed emergenze","AMB_118","Un tombino vicino al deposito dovrebbe essere:","Può essere deciso senza conoscere il rifiuto","Si applica solo dopo un incidente","Non richiede controlli o registrazioni","Protetto nel piano di risposta agli sversamenti","D","Art. 242 D.Lgs. 152/2006; D.Lgs. 81/2008; procedure aziendali"
"Gestione ambientale operativa - Sversamenti ed emergenze","AMB_119","Durante la gestione di uno sversamento ignoto bisogna:","Riguarda esclusivamente gli enti pubblici","È sempre una scelta discrezionale del singolo operatore","Evitare il contatto e attendere personale competente","È sufficiente procedere come si è sempre fatto","C","Art. 242 D.Lgs. 152/2006; D.Lgs. 81/2008; procedure aziendali"
"Gestione ambientale operativa - Sversamenti ed emergenze","AMB_120","La formazione sulle emergenze deve includere:","Si applica solo dopo un incidente","Allarme, contenimento sicuro, DPI e comunicazioni","Non richiede controlli o registrazioni","Può essere deciso senza conoscere il rifiuto","B","Art. 242 D.Lgs. 152/2006; D.Lgs. 81/2008; procedure aziendali"
"Gestione ambientale operativa - Scarichi idrici","AMB_121","Uno scarico di acque reflue industriali richiede:","La verifica e, quando prevista, l'autorizzazione allo scarico","È sempre una scelta discrezionale del singolo operatore","È sufficiente procedere come si è sempre fatto","Riguarda esclusivamente gli enti pubblici","A","Parte III D.Lgs. 152/2006, artt. 73 e seguenti"
"Gestione ambientale operativa - Scarichi idrici","AMB_122","Versare residui chimici nel lavandino è consentito?","Non richiede controlli o registrazioni","Può essere deciso senza conoscere il rifiuto","Si applica solo dopo un incidente","Solo se espressamente ammesso dalla procedura e dall'autorizzazione applicabile","D","Parte III D.Lgs. 152/2006, artt. 73 e seguenti"
"Gestione ambientale operativa - Scarichi idrici","AMB_123","Le acque meteoriche contaminate possono richiedere:","È sufficiente procedere come si è sempre fatto","Riguarda esclusivamente gli enti pubblici","Specifiche misure di raccolta e trattamento","È sempre una scelta discrezionale del singolo operatore","C","Parte III D.Lgs. 152/2006, artt. 73 e seguenti"
"Gestione ambientale operativa - Scarichi idrici","AMB_124","I pozzetti di campionamento devono essere:","Può essere deciso senza conoscere il rifiuto","Accessibili e mantenuti in condizioni idonee","Si applica solo dopo un incidente","Non richiede controlli o registrazioni","B","Parte III D.Lgs. 152/2006, artt. 73 e seguenti"
"Gestione ambientale operativa - Scarichi idrici","AMB_125","Una variazione del ciclo produttivo può influire su:","Caratteristiche e autorizzazione degli scarichi","Riguarda esclusivamente gli enti pubblici","È sempre una scelta discrezionale del singolo operatore","È sufficiente procedere come si è sempre fatto","A","Parte III D.Lgs. 152/2006, artt. 73 e seguenti"
"Gestione ambientale operativa - Scarichi idrici","AMB_126","La manutenzione dei separatori oli serve a:","Si applica solo dopo un incidente","Non richiede controlli o registrazioni","Può essere deciso senza conoscere il rifiuto","Mantenerne l'efficienza e prevenire scarichi anomali","D","Parte III D.Lgs. 152/2006, artt. 73 e seguenti"
"Gestione ambientale operativa - Scarichi idrici","AMB_127","In caso di scarico anomalo occorre:","È sempre una scelta discrezionale del singolo operatore","È sufficiente procedere come si è sempre fatto","Interrompere la causa se possibile e attivare la procedura","Riguarda esclusivamente gli enti pubblici","C","Parte III D.Lgs. 152/2006, artt. 73 e seguenti"
"Gestione ambientale operativa - Scarichi idrici","AMB_128","Il monitoraggio degli scarichi deve seguire:","Non richiede controlli o registrazioni","Frequenze, parametri e metodi prescritti","Può essere deciso senza conoscere il rifiuto","Si applica solo dopo un incidente","B","Parte III D.Lgs. 152/2006, artt. 73 e seguenti"
"Gestione ambientale operativa - Scarichi idrici","AMB_129","I fanghi prodotti dal trattamento delle acque sono:","Rifiuti da classificare e gestire correttamente","È sufficiente procedere come si è sempre fatto","Riguarda esclusivamente gli enti pubblici","È sempre una scelta discrezionale del singolo operatore","A","Parte III D.Lgs. 152/2006, artt. 73 e seguenti"
"Gestione ambientale operativa - Scarichi idrici","AMB_130","Tenere separati i circuiti aiuta a:","Può essere deciso senza conoscere il rifiuto","Si applica solo dopo un incidente","Non richiede controlli o registrazioni","Evitare contaminazioni e trattamenti non necessari","D","Parte III D.Lgs. 152/2006, artt. 73 e seguenti"
"Gestione ambientale operativa - Emissioni, energia e risorse","AMB_131","Un impianto con emissioni in atmosfera può richiedere:","Riguarda esclusivamente gli enti pubblici","È sempre una scelta discrezionale del singolo operatore","Un'autorizzazione e il rispetto di limiti e prescrizioni","È sufficiente procedere come si è sempre fatto","C","Parte V D.Lgs. 152/2006; ISO 14001:2015, punti 6 e 8"
"Gestione ambientale operativa - Emissioni, energia e risorse","AMB_132","I sistemi di aspirazione devono essere:","Si applica solo dopo un incidente","Mantenuti efficienti secondo programma","Non richiede controlli o registrazioni","Può essere deciso senza conoscere il rifiuto","B","Parte V D.Lgs. 152/2006; ISO 14001:2015, punti 6 e 8"
"Gestione ambientale operativa - Emissioni, energia e risorse","AMB_133","Un filtro esausto dell'aspirazione deve essere:","Gestito come rifiuto in base alla contaminazione","È sempre una scelta discrezionale del singolo operatore","È sufficiente procedere come si è sempre fatto","Riguarda esclusivamente gli enti pubblici","A","Parte V D.Lgs. 152/2006; ISO 14001:2015, punti 6 e 8"
"Gestione ambientale operativa - Emissioni, energia e risorse","AMB_134","Odori insoliti o fumi visibili devono essere:","Non richiede controlli o registrazioni","Può essere deciso senza conoscere il rifiuto","Si applica solo dopo un incidente","Segnalati e verificati tempestivamente","D","Parte V D.Lgs. 152/2006; ISO 14001:2015, punti 6 e 8"
"Gestione ambientale operativa - Emissioni, energia e risorse","AMB_135","Ridurre le perdite di aria compressa consente di:","È sufficiente procedere come si è sempre fatto","Riguarda esclusivamente gli enti pubblici","Ridurre consumi energetici e impatti indiretti","È sempre una scelta discrezionale del singolo operatore","C","Parte V D.Lgs. 152/2006; ISO 14001:2015, punti 6 e 8"
"Gestione ambientale operativa - Emissioni, energia e risorse","AMB_136","Spegnere impianti inutilizzati, quando sicuro, serve a:","Può essere deciso senza conoscere il rifiuto","Evitare consumi e emissioni non necessari","Si applica solo dopo un incidente","Non richiede controlli o registrazioni","B","Parte V D.Lgs. 152/2006; ISO 14001:2015, punti 6 e 8"
"Gestione ambientale operativa - Emissioni, energia e risorse","AMB_137","Il consumo idrico si controlla efficacemente con:","Misurazioni periodiche e confronto degli indicatori","Riguarda esclusivamente gli enti pubblici","È sempre una scelta discrezionale del singolo operatore","È sufficiente procedere come si è sempre fatto","A","Parte V D.Lgs. 152/2006; ISO 14001:2015, punti 6 e 8"
"Gestione ambientale operativa - Emissioni, energia e risorse","AMB_138","Una perdita persistente da una tubazione deve essere:","Si applica solo dopo un incidente","Non richiede controlli o registrazioni","Può essere deciso senza conoscere il rifiuto","Segnalata e riparata","D","Parte V D.Lgs. 152/2006; ISO 14001:2015, punti 6 e 8"
"Gestione ambientale operativa - Emissioni, energia e risorse","AMB_139","Per valutare un miglioramento energetico è utile:","È sempre una scelta discrezionale del singolo operatore","È sufficiente procedere come si è sempre fatto","Confrontare consumi normalizzati rispetto alla produzione o all'attività","Riguarda esclusivamente gli enti pubblici","C","Parte V D.Lgs. 152/2006; ISO 14001:2015, punti 6 e 8"
"Gestione ambientale operativa - Emissioni, energia e risorse","AMB_140","La manutenzione ambientale dovrebbe essere:","Non richiede controlli o registrazioni","Pianificata, registrata e verificata","Può essere deciso senza conoscere il rifiuto","Si applica solo dopo un incidente","B","Parte V D.Lgs. 152/2006; ISO 14001:2015, punti 6 e 8"
"Gestione ambientale operativa - Sostanze, imballaggi e fornitori","AMB_141","La scheda di sicurezza fornisce informazioni utili su:","Pericoli, stoccaggio, sversamenti e smaltimento","È sufficiente procedere come si è sempre fatto","Riguarda esclusivamente gli enti pubblici","È sempre una scelta discrezionale del singolo operatore","A","Reg. (CE) 1907/2006; Reg. (CE) 1272/2008; D.Lgs. 152/2006"
"Gestione ambientale operativa - Sostanze, imballaggi e fornitori","AMB_142","Prima di acquistare una sostanza è utile valutare:","Può essere deciso senza conoscere il rifiuto","Si applica solo dopo un incidente","Non richiede controlli o registrazioni","Alternative meno pericolose e quantità realmente necessarie","D","Reg. (CE) 1907/2006; Reg. (CE) 1272/2008; D.Lgs. 152/2006"
"Gestione ambientale operativa - Sostanze, imballaggi e fornitori","AMB_143","Un prodotto scaduto diventa automaticamente rifiuto?","Riguarda esclusivamente gli enti pubblici","È sempre una scelta discrezionale del singolo operatore","Quando il detentore se ne disfa, intende o deve disfarsene","È sufficiente procedere come si è sempre fatto","C","Reg. (CE) 1907/2006; Reg. (CE) 1272/2008; D.Lgs. 152/2006"
"Gestione ambientale operativa - Sostanze, imballaggi e fornitori","AMB_144","Gli imballaggi contaminati devono essere:","Si applica solo dopo un incidente","Valutati separatamente dagli imballaggi puliti","Non richiede controlli o registrazioni","Può essere deciso senza conoscere il rifiuto","B","Reg. (CE) 1907/2006; Reg. (CE) 1272/2008; D.Lgs. 152/2006"
"Gestione ambientale operativa - Sostanze, imballaggi e fornitori","AMB_145","Il travaso in un recipiente anonimo è:","Da evitare perché compromette identificazione e sicurezza","È sempre una scelta discrezionale del singolo operatore","È sufficiente procedere come si è sempre fatto","Riguarda esclusivamente gli enti pubblici","A","Reg. (CE) 1907/2006; Reg. (CE) 1272/2008; D.Lgs. 152/2006"
"Gestione ambientale operativa - Sostanze, imballaggi e fornitori","AMB_146","Un fornitore può contribuire alla prevenzione offrendo:","Non richiede controlli o registrazioni","Può essere deciso senza conoscere il rifiuto","Si applica solo dopo un incidente","Imballaggi a rendere o sistemi di ricarica","D","Reg. (CE) 1907/2006; Reg. (CE) 1272/2008; D.Lgs. 152/2006"
"Gestione ambientale operativa - Sostanze, imballaggi e fornitori","AMB_147","Le quantità acquistate in eccesso possono aumentare:","È sufficiente procedere come si è sempre fatto","Riguarda esclusivamente gli enti pubblici","Scadenze, sprechi e rifiuti","È sempre una scelta discrezionale del singolo operatore","C","Reg. (CE) 1907/2006; Reg. (CE) 1272/2008; D.Lgs. 152/2006"
"Gestione ambientale operativa - Sostanze, imballaggi e fornitori","AMB_148","La segregazione delle sostanze incompatibili riduce:","Può essere deciso senza conoscere il rifiuto","Rischio di reazioni e contaminazioni","Si applica solo dopo un incidente","Non richiede controlli o registrazioni","B","Reg. (CE) 1907/2006; Reg. (CE) 1272/2008; D.Lgs. 152/2006"
"Gestione ambientale operativa - Sostanze, imballaggi e fornitori","AMB_149","I pallet riutilizzabili, se ancora prodotti, favoriscono:","Il riutilizzo e la riduzione dei rifiuti","Riguarda esclusivamente gli enti pubblici","È sempre una scelta discrezionale del singolo operatore","È sufficiente procedere come si è sempre fatto","A","Reg. (CE) 1907/2006; Reg. (CE) 1272/2008; D.Lgs. 152/2006"
"Gestione ambientale operativa - Sostanze, imballaggi e fornitori","AMB_150","La valutazione ambientale dei fornitori può includere:","Si applica solo dopo un incidente","Non richiede controlli o registrazioni","Può essere deciso senza conoscere il rifiuto","Autorizzazioni, prestazioni e soluzioni di riduzione degli impatti","D","Reg. (CE) 1907/2006; Reg. (CE) 1272/2008; D.Lgs. 152/2006"
"Gestione ambientale operativa - Sistema di gestione e controlli","AMB_151","Un aspetto ambientale è:","È sempre una scelta discrezionale del singolo operatore","È sufficiente procedere come si è sempre fatto","Un elemento delle attività che interagisce o può interagire con l'ambiente","Riguarda esclusivamente gli enti pubblici","C","ISO 14001:2015, punti 6-10; D.Lgs. 152/2006"
"Gestione ambientale operativa - Sistema di gestione e controlli","AMB_152","Un impatto ambientale è:","Non richiede controlli o registrazioni","Una modifica dell'ambiente causata in tutto o in parte da un aspetto ambientale","Può essere deciso senza conoscere il rifiuto","Si applica solo dopo un incidente","B","ISO 14001:2015, punti 6-10; D.Lgs. 152/2006"
"Gestione ambientale operativa - Sistema di gestione e controlli","AMB_153","La significatività degli aspetti dovrebbe basarsi su:","Criteri definiti, coerenti e documentati","È sufficiente procedere come si è sempre fatto","Riguarda esclusivamente gli enti pubblici","È sempre una scelta discrezionale del singolo operatore","A","ISO 14001:2015, punti 6-10; D.Lgs. 152/2006"
"Gestione ambientale operativa - Sistema di gestione e controlli","AMB_154","La conformità legislativa deve essere:","Può essere deciso senza conoscere il rifiuto","Si applica solo dopo un incidente","Non richiede controlli o registrazioni","Valutata periodicamente","D","ISO 14001:2015, punti 6-10; D.Lgs. 152/2006"
"Gestione ambientale operativa - Sistema di gestione e controlli","AMB_155","Una non conformità ambientale richiede:","Riguarda esclusivamente gli enti pubblici","È sempre una scelta discrezionale del singolo operatore","Correzione, analisi delle cause e azione correttiva quando necessaria","È sufficiente procedere come si è sempre fatto","C","ISO 14001:2015, punti 6-10; D.Lgs. 152/2006"
"Gestione ambientale operativa - Sistema di gestione e controlli","AMB_156","Un audit ambientale serve a:","Si applica solo dopo un incidente","Verificare applicazione ed efficacia del sistema","Non richiede controlli o registrazioni","Può essere deciso senza conoscere il rifiuto","B","ISO 14001:2015, punti 6-10; D.Lgs. 152/2006"
"Gestione ambientale operativa - Sistema di gestione e controlli","AMB_157","Gli obiettivi ambientali dovrebbero essere:","Coerenti, misurabili ove possibile e monitorati","È sempre una scelta discrezionale del singolo operatore","È sufficiente procedere come si è sempre fatto","Riguarda esclusivamente gli enti pubblici","A","ISO 14001:2015, punti 6-10; D.Lgs. 152/2006"
"Gestione ambientale operativa - Sistema di gestione e controlli","AMB_158","La preparazione alle emergenze deve essere:","Non richiede controlli o registrazioni","Può essere deciso senza conoscere il rifiuto","Si applica solo dopo un incidente","Provata e riesaminata periodicamente quando praticabile","D","ISO 14001:2015, punti 6-10; D.Lgs. 152/2006"
"Gestione ambientale operativa - Sistema di gestione e controlli","AMB_159","Un indicatore utile per i rifiuti è:","È sufficiente procedere come si è sempre fatto","Riguarda esclusivamente gli enti pubblici","Chilogrammi di rifiuto per unità di prodotto o attività","È sempre una scelta discrezionale del singolo operatore","C","ISO 14001:2015, punti 6-10; D.Lgs. 152/2006"
"Gestione ambientale operativa - Sistema di gestione e controlli","AMB_160","Il miglioramento continuo richiede:","Può essere deciso senza conoscere il rifiuto","Dati, obiettivi, azioni e verifica dei risultati","Si applica solo dopo un incidente","Non richiede controlli o registrazioni","B","ISO 14001:2015, punti 6-10; D.Lgs. 152/2006"
