argomento,codice,domanda,opzione_a,opzione_b,opzione_c,opzione_d,corretta,riferimento
"HACCP - Somministrazione e preparazioni semplici","HACCP_001","Qual è lo scopo principale del sistema HACCP?","Controllare soltanto il costo delle materie prime","Migliorare esclusivamente la presentazione dei piatti","Stabilire i turni del personale","Prevenire e controllare i pericoli che possono rendere non sicuri gli alimenti","D","Reg. CE 852/2004, art. 5"
"HACCP - Somministrazione e preparazioni semplici","HACCP_002","Il piano di autocontrollo deve essere:","Usato soltanto durante le ispezioni","Compilato una sola volta e mai più rivisto","Uguale per qualsiasi impresa alimentare","Adatto alle attività realmente svolte nel locale","D","Reg. CE 852/2004, art. 5"
"HACCP - Somministrazione e preparazioni semplici","HACCP_003","Chi deve applicare quotidianamente le procedure igieniche previste?","Soltanto chi effettua le pulizie","Esclusivamente il consulente HACCP","Soltanto il titolare","Tutto il personale coinvolto nelle attività alimentari","D","Reg. CE 852/2004, All. II, Cap. XII; DGR Toscana 540/2024"
"HACCP - Somministrazione e preparazioni semplici","HACCP_004","Un pericolo biologico può essere rappresentato da:","Un frammento di vetro","Batteri, virus o muffe","Un cartellino del prezzo","Un residuo di detergente","B","Reg. CE 852/2004, art. 5"
"HACCP - Somministrazione e preparazioni semplici","HACCP_005","Un pericolo chimico può essere rappresentato da:","Residui di detergente su una superficie di lavoro","Un capello nell’alimento","Un cucchiaino caduto a terra","Un pezzo di plastica","A","Reg. CE 852/2004, art. 5"
"HACCP - Somministrazione e preparazioni semplici","HACCP_006","Un pericolo fisico può essere rappresentato da:","Un frammento di vetro o metallo","La crescita di batteri","Un allergene dichiarato correttamente","La temperatura registrata sul frigorifero","A","Reg. CE 852/2004, art. 5"
"HACCP - Somministrazione e preparazioni semplici","HACCP_007","Che cosa significa monitorare un punto di controllo?","Controllarlo soltanto dopo un reclamo","Firmare il registro senza eseguire la verifica","Verificare con regolarità che il parametro previsto sia rispettato","Cambiare ogni giorno il parametro stabilito","C","Reg. CE 852/2004, art. 5"
"HACCP - Somministrazione e preparazioni semplici","HACCP_008","Che cosa si deve fare quando un controllo evidenzia un valore non conforme?","Attendere la verifica dell’anno successivo","Applicare l’azione correttiva prevista e registrare l’accaduto","Cancellare la registrazione","Ignorare il dato se il locale è affollato","B","Reg. CE 852/2004, art. 5"
"HACCP - Somministrazione e preparazioni semplici","HACCP_009","Perché è utile compilare correttamente i registri HACCP?","Per evitare la formazione del personale","Per aumentare il numero di documenti senza utilità pratica","Per sostituire la pulizia dei locali","Per dimostrare i controlli svolti e individuare eventuali problemi","D","Reg. CE 852/2004, art. 5"
"HACCP - Somministrazione e preparazioni semplici","HACCP_010","La rintracciabilità permette di:","Utilizzare prodotti senza etichetta","Conoscere soltanto il prezzo di vendita","Evitare di conservare fatture o documenti","Ricostruire la provenienza e la destinazione degli alimenti","D","Reg. CE 178/2002, artt. 14, 18 e 19"
"HACCP - Somministrazione e preparazioni semplici","HACCP_011","Se un alimento può essere pericoloso per il consumatore, occorre:","Bloccarne l’uso e avvisare subito il responsabile","Cambiarne soltanto il contenitore","Servirlo rapidamente per non sprecarlo","Mescolarlo con altri alimenti","A","Reg. CE 178/2002, artt. 14, 18 e 19"
"HACCP - Somministrazione e preparazioni semplici","HACCP_012","La cultura della sicurezza alimentare richiede che:","Le regole igieniche siano comprese e applicate ogni giorno","La sicurezza dipenda esclusivamente dal responsabile","Le regole siano applicate solo in presenza di controlli","Gli errori non vengano mai segnalati","A","Reg. UE 2021/382 - cultura della sicurezza alimentare"
"HACCP - Somministrazione e preparazioni semplici","HACCP_013","La formazione HACCP serve principalmente a:","Imparare soltanto a compilare moduli","Sostituire completamente il piano di autocontrollo","Far comprendere e applicare comportamenti alimentari sicuri","Evitare ogni controllo dell’autorità competente","C","Reg. CE 852/2004, All. II, Cap. XII; DGR Toscana 540/2024"
"HACCP - Somministrazione e preparazioni semplici","HACCP_014","Una procedura HACCP deve essere aggiornata quando:","Cambiano attività, attrezzature, prodotti o modalità di lavoro","Passano esattamente dieci anni","Viene cambiato il logo del locale","Lo decide un cliente","A","Reg. CE 852/2004, art. 5"
"HACCP - Somministrazione e preparazioni semplici","HACCP_015","Durante il lavoro, un errore o una non conformità deve essere:","Annotato soltanto a fine anno","Nascosto per evitare problemi","Segnalato tempestivamente al responsabile","Risolto senza seguire alcuna procedura","C","Reg. UE 2021/382 - cultura della sicurezza alimentare"
"HACCP - Somministrazione e preparazioni semplici","HACCP_016","Un addetto con vomito o diarrea deve:","Continuare a lavorare indossando due paia di guanti","Informare subito il responsabile e non manipolare alimenti","Occuparsi soltanto dei panini freddi","Limitarsi a bere acqua","B","Reg. CE 852/2004, All. II, Cap. VIII"
"HACCP - Somministrazione e preparazioni semplici","HACCP_017","In caso di ferita a una mano, prima di lavorare occorre:","Lasciarla scoperta per farla asciugare","Proteggerla con medicazione impermeabile e, se previsto, guanto idoneo","Coprirla con un tovagliolo di carta","Immergerla nel detergente","B","Reg. CE 852/2004, All. II, Cap. VIII"
"HACCP - Somministrazione e preparazioni semplici","HACCP_018","I capelli durante la preparazione degli alimenti devono essere:","Coperti soltanto durante le ispezioni","Raccolti e protetti secondo le procedure del locale","Bagnati frequentemente","Lasciati sciolti se sono puliti","B","Reg. CE 852/2004, All. II, Cap. VIII"
"HACCP - Somministrazione e preparazioni semplici","HACCP_019","Le unghie di chi manipola alimenti devono essere:","Molto lunghe per proteggere le dita","Pulite soltanto a fine turno","Coperte sempre da smalto scuro","Corte, pulite e senza decorazioni che possano staccarsi","D","Reg. CE 852/2004, All. II, Cap. VIII"
"HACCP - Somministrazione e preparazioni semplici","HACCP_020","Anelli, bracciali e orologi durante la preparazione possono:","Trattenere sporco e contaminare gli alimenti","Sostituire il lavaggio delle mani","Essere utili per misurare la temperatura","Migliorare la presa sugli utensili","A","Reg. CE 852/2004, All. II, Cap. VIII"
"HACCP - Somministrazione e preparazioni semplici","HACCP_021","Il telefono cellulare usato durante il servizio:","Può essere toccato con i guanti senza conseguenze","È sempre igienicamente pulito","Può contaminare le mani e richiede il successivo lavaggio","Può essere appoggiato sul tagliere","C","Reg. CE 852/2004, All. II, Cap. VIII"
"HACCP - Somministrazione e preparazioni semplici","HACCP_022","È consentito fumare nelle aree in cui si preparano o conservano alimenti?","Sì, purché non siano presenti clienti","Sì, durante le pause brevi","Sì, se la finestra è aperta","No, non è consentito","D","Reg. CE 852/2004, All. II, Cap. VIII"
"HACCP - Somministrazione e preparazioni semplici","HACCP_023","Mangiare durante la preparazione degli alimenti è:","Obbligatorio per assaggiare ogni ingrediente","Un comportamento da evitare nelle aree di lavorazione","Consentito soltanto vicino al frigorifero","Consentito se si usano posate","B","Reg. CE 852/2004, All. II, Cap. VIII"
"HACCP - Somministrazione e preparazioni semplici","HACCP_024","Dopo aver starnutito o tossito nelle mani occorre:","Pulire le mani sul grembiule","Indossare un guanto sopra la mano non lavata","Allontanarsi dagli alimenti e lavare accuratamente le mani","Continuare il servizio senza interrompersi","C","Reg. CE 852/2004, All. II, Cap. VIII"
"HACCP - Somministrazione e preparazioni semplici","HACCP_025","I guanti monouso devono essere cambiati:","Solo quando lo chiede il cliente","Soltanto a fine giornata","Una volta alla settimana","Quando sono sporchi, danneggiati o si cambia attività","D","Reg. CE 852/2004, All. II, Cap. VIII"
"HACCP - Somministrazione e preparazioni semplici","HACCP_026","Il grembiule o la divisa da lavoro devono essere:","Puliti e utilizzati in modo da non contaminare gli alimenti","Appoggiati sul pavimento durante la pausa","Usati anche per le pulizie esterne","Condivisi tra tutti senza lavaggio","A","Reg. CE 852/2004, All. II, Cap. VIII"
"HACCP - Somministrazione e preparazioni semplici","HACCP_027","Gli oggetti personali devono essere conservati:","Sul banco di preparazione","Accanto ai bicchieri puliti","Dentro il frigorifero","Negli spazi dedicati, lontano dagli alimenti","D","Reg. CE 852/2004, All. II, Cap. VIII"
"HACCP - Somministrazione e preparazioni semplici","HACCP_028","Prima di iniziare il turno, l’addetto deve:","Lavare soltanto i guanti","Disinfettare il telefono e basta","Indossare la divisa del giorno precedente anche se sporca","Presentarsi con abbigliamento pulito e adeguata igiene personale","D","Reg. CE 852/2004, All. II, Cap. VIII"
"HACCP - Somministrazione e preparazioni semplici","HACCP_029","Dopo essere andati in bagno è necessario:","Cambiare soltanto il grembiule","Lavare accuratamente le mani prima di riprendere il lavoro","Indossare guanti senza lavarsi","Pulire le mani con un tovagliolo asciutto","B","Reg. CE 852/2004, All. II, Cap. VIII"
"HACCP - Somministrazione e preparazioni semplici","HACCP_030","Una medicazione sulla mano deve essere preferibilmente:","Realizzata con carta assorbente","Dello stesso colore dell’alimento","Impermeabile, ben fissata e facilmente individuabile","Lasciata aperta sui bordi","C","Reg. CE 852/2004, All. II, Cap. VIII"
"HACCP - Somministrazione e preparazioni semplici","HACCP_031","Per assaggiare una preparazione si deve:","Usare un utensile pulito una sola volta","Usare sempre lo stesso cucchiaino","Assaggiare direttamente con le dita","Rimettere il cucchiaino usato nel contenitore","A","Reg. CE 852/2004, All. II, Cap. VIII"
"HACCP - Somministrazione e preparazioni semplici","HACCP_032","Toccarsi frequentemente viso, capelli o naso durante il lavoro:","È sicuro se il locale è pulito","Migliora l’igiene personale","Può contaminare le mani e gli alimenti","Non richiede mai di lavarsi le mani","C","Reg. CE 852/2004, All. II, Cap. VIII"
"HACCP - Somministrazione e preparazioni semplici","HACCP_033","Se un addetto ha una malattia della pelle sulle mani deve:","Non dirlo a nessuno","Coprirla con il grembiule","Informare il responsabile prima di manipolare alimenti","Lavorare soltanto con alimenti freddi","C","Reg. CE 852/2004, All. II, Cap. VIII"
"HACCP - Somministrazione e preparazioni semplici","HACCP_034","I fazzoletti usati devono essere:","Riutilizzati durante tutto il turno","Gettati subito e seguiti dal lavaggio delle mani","Conservati vicino alle posate","Appoggiati sul banco","B","Reg. CE 852/2004, All. II, Cap. VIII"
"HACCP - Somministrazione e preparazioni semplici","HACCP_035","Il personale addetto agli alimenti deve segnalare:","Solo i reclami scritti dei clienti","Esclusivamente i guasti della cassa","Sintomi o condizioni che possono contaminare gli alimenti","Soltanto i ritardi al lavoro","C","Reg. CE 852/2004, All. II, Cap. VIII"
"HACCP - Somministrazione e preparazioni semplici","HACCP_036","Quando è necessario lavarsi le mani?","Prima di iniziare a lavorare e ogni volta che possono essersi contaminate","Soltanto all’inizio della settimana","Solo se sono visibilmente bagnate","Esclusivamente dopo aver pulito il pavimento","A","Reg. CE 852/2004, All. II, Cap. VIII"
"HACCP - Somministrazione e preparazioni semplici","HACCP_037","Per un corretto lavaggio delle mani si deve usare:","Soltanto profumo o deodorante","Un panno asciutto","Acqua corrente e sapone, strofinando accuratamente tutte le zone","Solo acqua fredda per pochi secondi","C","Reg. CE 852/2004, All. II, Cap. VIII"
"HACCP - Somministrazione e preparazioni semplici","HACCP_038","Dopo il lavaggio, le mani devono essere asciugate con:","Un panno comune sempre umido","La tovaglia di servizio","Il grembiule","Un sistema igienico previsto, come carta monouso","D","Reg. CE 852/2004, All. II, Cap. VIII"
"HACCP - Somministrazione e preparazioni semplici","HACCP_039","Indossare guanti monouso elimina la necessità di lavarsi le mani?","Sì, sempre","Sì, ma solo per i panini","Sì, se i guanti sono trasparenti","No, le mani devono essere pulite prima di indossarli e quando si cambiano","D","Reg. CE 852/2004, All. II, Cap. VIII"
"HACCP - Somministrazione e preparazioni semplici","HACCP_040","Dopo aver maneggiato denaro e prima di preparare un panino occorre:","Usare le stesse mani senza alcuna precauzione","Pulire le mani sul grembiule","Lavarsi le mani o organizzare il lavoro evitando il passaggio diretto","Indossare un secondo grembiule","C","Reg. CE 852/2004, All. II, Cap. VIII"
"HACCP - Somministrazione e preparazioni semplici","HACCP_041","Dopo aver svuotato un cestino, prima di toccare alimenti si deve:","Bere un bicchiere d’acqua","Cambiare soltanto le scarpe","Passare le mani sotto aria fredda senza sapone","Lavare accuratamente le mani","D","Reg. CE 852/2004, All. II, Cap. VIII"
"HACCP - Somministrazione e preparazioni semplici","HACCP_042","Dopo aver svolto operazioni di pulizia con detergenti occorre:","Pulire i guanti sul tagliere","Preparare subito gli alimenti con gli stessi guanti","Togliere i guanti da pulizia e lavarsi le mani","Conservare i guanti vicino al pane","C","Reg. CE 852/2004, All. II, Cap. VIII"
"HACCP - Somministrazione e preparazioni semplici","HACCP_043","Il lavamani deve essere:","Accessibile e dotato del materiale necessario per il lavaggio igienico","Tenuto chiuso durante il servizio","Utilizzato per lavare gli alimenti","Riempito con utensili sporchi","A","Reg. CE 852/2004, All. II, Cap. VIII"
"HACCP - Somministrazione e preparazioni semplici","HACCP_044","Per lavare bene le mani bisogna strofinare anche:","Esclusivamente la punta delle dita","Solo i polsi","Soltanto i palmi","Dorso, spazi tra le dita, pollici e zona delle unghie","D","Reg. CE 852/2004, All. II, Cap. VIII"
"HACCP - Somministrazione e preparazioni semplici","HACCP_045","Dopo essersi soffiati il naso bisogna:","Indossare guanti sopra le mani non lavate","Pulire le mani sul pantalone","Continuare a servire i tavoli","Gettare il fazzoletto e lavarsi le mani","D","Reg. CE 852/2004, All. II, Cap. VIII"
"HACCP - Somministrazione e preparazioni semplici","HACCP_046","Se si passa dalla pulizia dei tavoli alla preparazione di alimenti occorre:","Spruzzare profumo sulle mani","Cambiare solo il vassoio","Usare gli stessi guanti da pulizia","Lavarsi le mani e usare attrezzature pulite","D","Reg. CE 852/2004, All. II, Cap. VIII"
"HACCP - Somministrazione e preparazioni semplici","HACCP_047","Il gel disinfettante per mani sostituisce sempre il lavaggio con acqua e sapone?","Sì, purché profumato","Sì, ma solo dopo aver toccato denaro","Sì, in ogni situazione","No, soprattutto se le mani sono sporche o unte","D","Reg. CE 852/2004, All. II, Cap. VIII"
"HACCP - Somministrazione e preparazioni semplici","HACCP_048","Dopo aver toccato il viso o i capelli durante la preparazione occorre:","Cambiare soltanto il coltello","Pulire il banco a fine giornata","Lavarsi nuovamente le mani","Indossare un cappello senza lavarsi","C","Reg. CE 852/2004, All. II, Cap. VIII"
"HACCP - Somministrazione e preparazioni semplici","HACCP_049","Prima di indossare un nuovo paio di guanti monouso le mani devono essere:","Pulite sul grembiule","Bagnate di detergente","Unte per facilitare l’inserimento","Pulite e asciutte","D","Reg. CE 852/2004, All. II, Cap. VIII"
"HACCP - Somministrazione e preparazioni semplici","HACCP_050","Un rubinetto o un dispenser di sapone vuoto deve essere:","Sostituito con un bicchiere d’acqua","Utilizzato soltanto dal responsabile","Segnalato e ripristinato subito","Ignorato fino al giorno successivo","C","Reg. CE 852/2004, All. II, Cap. VIII"
"HACCP - Somministrazione e preparazioni semplici","HACCP_051","Pulire una superficie significa principalmente:","Asciugare senza rimuovere lo sporco","Rimuovere sporco e residui visibili","Eliminare automaticamente ogni microrganismo","Profumare il locale","B","Reg. CE 852/2004, All. II, Capp. I, II e V"
"HACCP - Somministrazione e preparazioni semplici","HACCP_052","Sanificare una superficie significa:","Coprire la superficie con carta","Ridurre la contaminazione dopo un’adeguata pulizia","Usare soltanto acqua","Spostare lo sporco in un angolo","B","Reg. CE 852/2004, All. II, Capp. I, II e V"
"HACCP - Somministrazione e preparazioni semplici","HACCP_053","La corretta sequenza è generalmente:","Usare due prodotti insieme senza leggere le istruzioni","Asciugare, sporcare e risciacquare","Rimuovere i residui, lavare, risciacquare se previsto, sanificare e lasciare agire","Sanificare sopra lo sporco e poi asciugare","C","Reg. CE 852/2004, All. II, Capp. I, II e V"
"HACCP - Somministrazione e preparazioni semplici","HACCP_054","I prodotti di pulizia devono essere conservati:","Accanto alle bevande","Separati dagli alimenti e nei contenitori originali identificati","In bottiglie anonime","Dentro il frigorifero degli ingredienti","B","Reg. CE 852/2004, All. II, Capp. I, II e V"
"HACCP - Somministrazione e preparazioni semplici","HACCP_055","Un detergente deve essere diluito:","Secondo le istruzioni del produttore","A occhio senza misurazione","Sempre nella dose più alta possibile","Mescolandolo con qualsiasi altro prodotto","A","Reg. CE 852/2004, All. II, Capp. I, II e V"
"HACCP - Somministrazione e preparazioni semplici","HACCP_056","Mescolare prodotti chimici diversi è:","Utile per profumare maggiormente","Sicuro se il locale è vuoto","Sempre più efficace","Pericoloso e vietato salvo specifica indicazione del produttore","D","Reg. CE 852/2004, All. II, Capp. I, II e V"
"HACCP - Somministrazione e preparazioni semplici","HACCP_057","Il tempo di contatto di un sanificante deve essere:","Quello indicato nelle istruzioni del prodotto","Sempre inferiore a cinque secondi","Deciso ogni volta dall’addetto","Ignorato se la superficie appare pulita","A","Reg. CE 852/2004, All. II, Capp. I, II e V"
"HACCP - Somministrazione e preparazioni semplici","HACCP_058","Panni e spugne sporchi possono:","Essere usati per tutta la settimana senza lavaggio","Essere conservati insieme agli alimenti","Sanificare senza detergente","Diffondere la contaminazione da una superficie all’altra","D","Reg. CE 852/2004, All. II, Capp. I, II e V"
"HACCP - Somministrazione e preparazioni semplici","HACCP_059","Per tavoli, pavimenti e superfici alimentari è opportuno:","Pulire prima il pavimento e poi il tagliere con lo stesso panno","Usare sempre lo stesso panno","Usare attrezzature dedicate o chiaramente differenziate","Conservare i panni bagnati sui panini","C","Reg. CE 852/2004, All. II, Capp. I, II e V"
"HACCP - Somministrazione e preparazioni semplici","HACCP_060","Prima di pulire un’affettatrice o altra attrezzatura elettrica bisogna:","Pulirla soltanto all’esterno","Metterla in sicurezza secondo le istruzioni e smontare solo le parti previste","Versare acqua direttamente sul motore","Lasciarla in movimento","B","Reg. CE 852/2004, All. II, Capp. I, II e V"
"HACCP - Somministrazione e preparazioni semplici","HACCP_061","Il cucchiaio o porzionatore per il gelato deve essere:","Lasciato sempre sul banco","Appoggiato sul coperchio del cestino","Gestito e pulito secondo una procedura igienica, evitando acqua stagnante sporca","Pulito soltanto una volta al mese","C","Reg. CE 852/2004, All. II, Capp. I, II e V"
"HACCP - Somministrazione e preparazioni semplici","HACCP_062","Il contenitore del ghiaccio destinato alle bevande deve essere:","Pulito, protetto e usato con una paletta dedicata","Usato anche per raffreddare bottiglie sporche","Lasciato aperto vicino ai rifiuti","Riempito con le mani","A","Reg. CE 852/2004, All. II, Capp. I, II e V"
"HACCP - Somministrazione e preparazioni semplici","HACCP_063","I cestini dei rifiuti nelle aree di lavoro devono essere:","Gestiti in modo da non contaminare alimenti e superfici","Svuotati soltanto quando traboccano","Collocati sul banco di preparazione","Tenuti sempre aperti","A","Reg. CE 852/2004, All. II, Cap. VI"
"HACCP - Somministrazione e preparazioni semplici","HACCP_064","Dopo aver manipolato i rifiuti è necessario:","Indossare guanti sopra quelli sporchi","Pulire le mani sul grembiule","Lavarsi le mani prima di riprendere il lavoro con gli alimenti","Cambiare soltanto il vassoio","C","Reg. CE 852/2004, All. II, Cap. VI"
"HACCP - Somministrazione e preparazioni semplici","HACCP_065","La presenza di escrementi o confezioni rosicchiate può indicare:","Una corretta rotazione delle scorte","Che il prodotto è ancora utilizzabile","Un’infestazione da roditori o altri animali","Un problema esclusivamente estetico","C","Reg. CE 852/2004, All. II, Cap. IX"
"HACCP - Somministrazione e preparazioni semplici","HACCP_066","Se si notano insetti o tracce di infestanti occorre:","Attendere che il problema scompaia da solo","Spruzzare insetticida vicino agli alimenti","Segnalare subito il problema e applicare la procedura prevista","Nascondere le tracce","C","Reg. CE 852/2004, All. II, Cap. IX"
"HACCP - Somministrazione e preparazioni semplici","HACCP_067","Porte e finestre delle aree alimentari devono essere gestite per:","Consentire il deposito di rifiuti","Limitare l’ingresso di infestanti","Evitare qualsiasi ricambio d’aria","Favorire l’ingresso di insetti","B","Reg. CE 852/2004, All. II, Cap. IX"
"HACCP - Somministrazione e preparazioni semplici","HACCP_068","Le trappole per infestanti devono essere:","Spostate ogni giorno senza registrazione","Usate come unico sistema di pulizia","Collocate sopra gli alimenti aperti","Controllate secondo il programma previsto e posizionate correttamente","D","Reg. CE 852/2004, All. II, Cap. IX"
"HACCP - Somministrazione e preparazioni semplici","HACCP_069","In caso di rottura di un bicchiere vicino agli alimenti bisogna:","Raccogliere solo i pezzi più grandi","Isolare la zona, eliminare gli alimenti esposti e pulire accuratamente","Continuare il servizio senza interrompersi","Soffiare via i frammenti","B","Reg. CE 852/2004, All. II, Capp. I, II e V"
"HACCP - Somministrazione e preparazioni semplici","HACCP_070","Un utensile scheggiato o danneggiato deve essere:","Tolto dall’uso e sostituito","Usato soltanto per i clienti abituali","Conservato insieme alle posate pulite","Riparato con nastro adesivo e riutilizzato","A","Reg. CE 852/2004, All. II, Capp. I, II e V"
"HACCP - Somministrazione e preparazioni semplici","HACCP_071","Al ricevimento delle merci bisogna controllare:","Integrità, temperatura quando prevista, scadenza ed etichettatura","Soltanto il colore del furgone","Solo il numero dei colli","Esclusivamente il prezzo","A","Reg. CE 852/2004, All. II, Cap. IX"
"HACCP - Somministrazione e preparazioni semplici","HACCP_072","Una confezione gonfia, bucata o con perdita deve essere:","Aperta e annusata davanti al cliente","Rifiutata o isolata e valutata secondo procedura","Mescolata con confezioni integre","Messa subito in vendita","B","Reg. CE 852/2004, All. II, Cap. IX"
"HACCP - Somministrazione e preparazioni semplici","HACCP_073","La dicitura “da consumarsi entro” indica:","Il giorno in cui è stato ordinato il prodotto","Una semplice indicazione estetica","Una data di sicurezza da rispettare per gli alimenti molto deperibili","Una data che può essere sempre superata","C","Reg. UE 1169/2011"
"HACCP - Somministrazione e preparazioni semplici","HACCP_074","La dicitura “da consumarsi preferibilmente entro” riguarda principalmente:","L’obbligo di eliminare il prodotto il giorno precedente","Il mantenimento delle caratteristiche qualitative fino alla data indicata","La temperatura del frigorifero","Il numero di lotto","B","Reg. UE 1169/2011"
"HACCP - Somministrazione e preparazioni semplici","HACCP_075","Il numero di lotto serve a:","Sostituire la denominazione dell’alimento","Indicare il tavolo del cliente","Indicare il prezzo al pubblico","Identificare una partita di produzione ai fini della rintracciabilità","D","Reg. CE 178/2002, artt. 14, 18 e 19"
"HACCP - Somministrazione e preparazioni semplici","HACCP_076","Il metodo FEFO prevede di utilizzare prima:","I prodotti con la scadenza più vicina","Le confezioni più grandi","Gli alimenti consegnati dall’ultimo fornitore","I prodotti più costosi","A","Reg. CE 852/2004, All. II, Cap. IX"
"HACCP - Somministrazione e preparazioni semplici","HACCP_077","Gli alimenti in magazzino devono essere conservati:","Sollevati da terra e protetti da sporco e contaminazioni","Sotto tubazioni che perdono","Vicino ai detergenti","Direttamente sul pavimento","A","Reg. CE 852/2004, All. II, Cap. IX"
"HACCP - Somministrazione e preparazioni semplici","HACCP_078","Dopo l’apertura di una confezione è opportuno:","Richiuderla, proteggerla e indicare la data di apertura quando previsto","Mescolarla con un prodotto nuovo","Lasciarla aperta per farla respirare","Eliminare sempre l’etichetta originale","A","Reg. CE 852/2004, All. II, Cap. IX"
"HACCP - Somministrazione e preparazioni semplici","HACCP_079","Gli ingredienti travasati in un altro contenitore devono essere:","Riposti in contenitori non idonei","Mescolati con ingredienti simili","Conservati senza nome","Chiaramente identificabili e protetti","D","Reg. CE 852/2004, All. II, Cap. IX"
"HACCP - Somministrazione e preparazioni semplici","HACCP_080","Le informazioni sugli allergeni degli ingredienti devono essere:","Eliminate dopo l’apertura","Ignorate per i prodotti confezionati","Comunicate soltanto verbalmente dal fornitore","Conservate e disponibili al personale","D","Reg. UE 1169/2011"
"HACCP - Somministrazione e preparazioni semplici","HACCP_081","I prodotti per la pulizia devono essere tenuti:","Sopra le confezioni di pane","In un’area separata dagli alimenti","Dentro contenitori alimentari senza etichetta","Nel frigorifero delle bevande","B","Reg. CE 852/2004, All. II, Cap. IX"
"HACCP - Somministrazione e preparazioni semplici","HACCP_082","Un prodotto scaduto deve essere:","Messo davanti agli altri prodotti","Separato dai prodotti utilizzabili e gestito secondo procedura","Rietichettato con una nuova data","Servito con una guarnizione","B","Reg. CE 852/2004, All. II, Cap. IX"
"HACCP - Somministrazione e preparazioni semplici","HACCP_083","Alimenti pronti al consumo e materie prime potenzialmente contaminanti devono essere:","Conservati insieme ai rifiuti","Conservati separati o protetti per evitare contaminazioni","Mischiati nello stesso contenitore","Appoggiati senza coperchio","B","Reg. CE 852/2004, All. II, Cap. IX"
"HACCP - Somministrazione e preparazioni semplici","HACCP_084","Se viene comunicato il richiamo di un prodotto bisogna:","Servirlo esclusivamente caldo","Identificarlo, bloccarlo e seguire le istruzioni ricevute","Continuare a usarlo fino a esaurimento","Cambiare soltanto la confezione","B","Reg. CE 178/2002, artt. 14, 18 e 19"
"HACCP - Somministrazione e preparazioni semplici","HACCP_085","Fatture, documenti di consegna o registrazioni dei fornitori sono utili per:","Stabilire la divisa del personale","Calcolare la temperatura del frigorifero","Garantire la rintracciabilità degli alimenti","Sostituire la pulizia dei locali","C","Reg. CE 178/2002, artt. 14, 18 e 19"
"HACCP - Somministrazione e preparazioni semplici","HACCP_086","Un fornitore deve essere scelto:","Soltanto in base al prezzo più basso","Tra soggetti affidabili e regolarmente operanti nel settore alimentare","Solo se consegna senza etichette","Senza conservare alcun documento","B","Reg. CE 178/2002, artt. 14, 18 e 19"
"HACCP - Somministrazione e preparazioni semplici","HACCP_087","Durante la consegna di prodotti refrigerati occorre verificare che:","La catena del freddo sia stata mantenuta","Le confezioni siano aperte","I prodotti siano caldi al tatto","Il mezzo trasporti anche detergenti sopra gli alimenti","A","Reg. CE 852/2004, All. II, Cap. IX"
"HACCP - Somministrazione e preparazioni semplici","HACCP_088","Il veicolo o contenitore di trasporto degli alimenti deve essere:","Privo di qualsiasi protezione","Utilizzato insieme a rifiuti non separati","Pulito soltanto una volta all’anno","Pulito e idoneo a proteggere i prodotti","D","Reg. CE 852/2004, All. II, Cap. IX"
"HACCP - Somministrazione e preparazioni semplici","HACCP_089","La durata di utilizzo di un prodotto dopo l’apertura deve seguire:","Una regola uguale di trenta giorni per tutti gli alimenti","La sola valutazione dell’odore","Le indicazioni del produttore e le procedure interne","Il numero di clienti presenti","C","Reg. CE 852/2004, All. II, Cap. IX"
"HACCP - Somministrazione e preparazioni semplici","HACCP_090","Se manca l’etichetta e non si riesce a identificare un alimento, bisogna:","Non utilizzarlo finché non viene identificato con certezza","Assaggiarlo per riconoscerlo","Servirlo come ingrediente segreto","Mescolarlo con un prodotto etichettato","A","Reg. CE 852/2004, All. II, Cap. IX"
"HACCP - Somministrazione e preparazioni semplici","HACCP_091","Mantenere la catena del freddo significa:","Evitare interruzioni che possano favorire il deterioramento degli alimenti","Tenere aperta la porta del frigorifero","Congelare qualsiasi alimento a fine giornata","Conservare tutti i prodotti alla stessa temperatura ambiente","A","Reg. CE 852/2004, All. II, Cap. IX"
"HACCP - Somministrazione e preparazioni semplici","HACCP_092","La temperatura del frigorifero deve essere:","Controllata secondo la frequenza prevista dal piano di autocontrollo","Controllata soltanto quando arriva un ispettore","Ignorata se la luce interna funziona","Stimata toccando la porta esterna","A","Reg. CE 852/2004, All. II, Cap. IX"
"HACCP - Somministrazione e preparazioni semplici","HACCP_093","Un frigorifero troppo pieno può:","Sostituire il controllo della temperatura","Ostacolare la corretta circolazione dell’aria fredda","Eliminare gli allergeni","Raffreddare più velocemente ogni alimento","B","Reg. CE 852/2004, All. II, Cap. IX"
"HACCP - Somministrazione e preparazioni semplici","HACCP_094","La porta del frigorifero deve essere:","Aperta per evitare la formazione di ghiaccio","Richiusa rapidamente dopo l’uso","Lasciata aperta durante il servizio","Bloccata con un panno","B","Reg. CE 852/2004, All. II, Cap. IX"
"HACCP - Somministrazione e preparazioni semplici","HACCP_095","Un alimento scongelato accidentalmente deve essere:","Valutato e gestito secondo la procedura, senza ricongelarlo automaticamente","Lasciato sul banco fino a sera","Sempre ricongelato subito","Mescolato con prodotto ancora congelato","A","Reg. CE 852/2004, All. II, Cap. IX"
"HACCP - Somministrazione e preparazioni semplici","HACCP_096","Le vaschette di gelato devono essere:","Appoggiate sul pavimento","Riempite mescolando residui vecchi e nuovi senza controllo","Lasciate aperte durante la chiusura del locale","Protette e conservate nelle condizioni previste","D","Reg. CE 852/2004, All. II, Cap. IX"
"HACCP - Somministrazione e preparazioni semplici","HACCP_097","Quando si sostituisce una vaschetta di gelato è corretto:","Usare la stessa paletta per tutti i gusti senza pulizia","Versare il prodotto nuovo sopra residui molto vecchi","Lasciare la vaschetta vuota sul banco","Usare contenitori e utensili puliti e seguire la rotazione prevista","D","Reg. CE 852/2004, All. II, Cap. IX"
"HACCP - Somministrazione e preparazioni semplici","HACCP_098","La condensa che gocciola sugli alimenti può:","Migliorarne la conservazione","Essere ignorata se è trasparente","Contaminarli e deve essere eliminata la causa","Sostituire il lavaggio","C","Reg. CE 852/2004, All. II, Cap. IX"
"HACCP - Somministrazione e preparazioni semplici","HACCP_099","Il frigorifero deve essere sbrinato e pulito:","Soltanto quando smette completamente di funzionare","Secondo il programma previsto e quando necessario","Usando utensili appuntiti non previsti","Mentre gli alimenti restano scoperti all’interno","B","Reg. CE 852/2004, All. II, Capp. I, II e V"
"HACCP - Somministrazione e preparazioni semplici","HACCP_100","La registrazione di una temperatura anomala deve essere accompagnata da:","Aumento automatico della scadenza dei prodotti","Verifica della causa e azione correttiva","Chiusura del registro","Cancellazione del valore","B","Reg. CE 852/2004, All. II, Cap. IX"
"HACCP - Somministrazione e preparazioni semplici","HACCP_101","In caso di interruzione elettrica prolungata bisogna:","Servire tutti i prodotti senza verifica","Aprire spesso il frigorifero per controllare","Limitare l’apertura delle porte e valutare tempi, temperature e alimenti","Trasferire gli alimenti vicino a una finestra","C","Reg. CE 852/2004, All. II, Cap. IX"
"HACCP - Somministrazione e preparazioni semplici","HACCP_102","Se un prodotto refrigerato arriva caldo o fuori dalle condizioni previste bisogna:","Assaggiarlo per verificare","Servirlo per primo","Metterlo subito in frigorifero senza registrare nulla","Non accettarlo automaticamente e informare il responsabile","D","Reg. CE 852/2004, All. II, Cap. IX"
"HACCP - Somministrazione e preparazioni semplici","HACCP_103","Uno spesso strato di ghiaccio nel freezer può:","Ridurre l’efficienza e richiedere manutenzione o sbrinamento","Eliminare la necessità del termometro","Dimostrare che il freezer è sempre perfetto","Rendere sicuro qualsiasi alimento","A","Reg. CE 852/2004, All. II, Cap. IX"
"HACCP - Somministrazione e preparazioni semplici","HACCP_104","Nel frigorifero gli alimenti pronti al consumo devono essere:","Conservati accanto ai prodotti chimici","Appoggiati sotto confezioni che perdono","Protetti da possibili contaminazioni","Lasciati sempre scoperti","C","Reg. CE 852/2004, All. II, Cap. IX"
"HACCP - Somministrazione e preparazioni semplici","HACCP_105","Latte, panna e ingredienti deperibili per bevande devono essere:","Rimessi in frigorifero soltanto a fine giornata","Conservati alle condizioni indicate in etichetta","Lasciati sul banco per tutto il turno","Conservati senza tappo","B","Reg. CE 852/2004, All. II, Cap. IX"
"HACCP - Somministrazione e preparazioni semplici","HACCP_106","Frutta tagliata o guarnizioni deperibili per aperitivi devono essere:","Protette e mantenute nelle condizioni previste","Lasciate scoperte a temperatura ambiente per più giorni","Conservate insieme alle spugne","Riutilizzate dai bicchieri dei clienti","A","Reg. CE 852/2004, All. II, Cap. IX"
"HACCP - Somministrazione e preparazioni semplici","HACCP_107","Il ghiaccio destinato alle bevande deve essere considerato:","Un materiale utilizzabile con le mani","Un alimento e quindi protetto da contaminazioni","Un prodotto che si pulisce da solo","Un semplice oggetto decorativo","B","Reg. CE 852/2004, All. II, Capp. I, II e V"
"HACCP - Somministrazione e preparazioni semplici","HACCP_108","La macchina del ghiaccio deve essere:","Riempita con contenitori non puliti","Pulita soltanto all’esterno","Usata come deposito di utensili","Pulita e manutenuta secondo il programma e le istruzioni","D","Reg. CE 852/2004, All. II, Capp. I, II e V"
"HACCP - Somministrazione e preparazioni semplici","HACCP_109","Per evitare contatti tra allergeni nei gelati è importante:","Usare sempre la stessa paletta senza pulizia","Mescolare i gusti simili","Rimuovere i cartellini degli ingredienti","Usare utensili e modalità di servizio che limitino il trasferimento tra gusti","D","Reg. UE 2021/382; Reg. UE 1169/2011"
"HACCP - Somministrazione e preparazioni semplici","HACCP_110","Un gelato già servito e restituito dal cliente deve essere:","Conservato per il cliente successivo","Rimesso nella vaschetta dello stesso gusto","Eliminato e non rimesso nella vaschetta","Mescolato con il prodotto nuovo","C","Reg. CE 852/2004, All. II, Cap. IX"
"HACCP - Somministrazione e preparazioni semplici","HACCP_111","Prima di preparare panini, il piano di lavoro deve essere:","Pulito, sanificato e libero da oggetti estranei","Pulito soltanto a fine turno","Coperto da scontrini e telefoni","Usato anche per appoggiare i rifiuti","A","Reg. CE 852/2004, All. II, Capp. II, V e IX"
"HACCP - Somministrazione e preparazioni semplici","HACCP_112","Gli ingredienti per i panini devono essere prelevati:","Direttamente con le mani dopo aver toccato denaro","Con utensili caduti a terra","Con mani pulite o utensili idonei e puliti","Con le stesse pinze usate per pulire il banco","C","Reg. CE 852/2004, All. II, Capp. II, V e IX"
"HACCP - Somministrazione e preparazioni semplici","HACCP_113","Le pinze utilizzate per ingredienti diversi devono essere:","Gestite in modo da evitare contaminazioni e contatti tra allergeni","Appoggiate sul pavimento tra un uso e l’altro","Pulite soltanto se cambiano colore","Sempre una sola per tutti gli ingredienti","A","Reg. CE 852/2004, All. II, Capp. II, V e IX"
"HACCP - Somministrazione e preparazioni semplici","HACCP_114","Un tagliere molto inciso e difficile da pulire deve essere:","Sostituito quando non è più igienicamente mantenibile","Pulito soltanto con un panno asciutto","Utilizzato solo per il pane","Coperto con carta e usato indefinitamente","A","Reg. CE 852/2004, All. II, Capp. II, V e IX"
"HACCP - Somministrazione e preparazioni semplici","HACCP_115","Un coltello caduto a terra deve essere:","Riutilizzato subito","Passato sotto acqua per un secondo senza detergente","Sostituito con uno pulito prima di continuare","Pulito sul grembiule","C","Reg. CE 852/2004, All. II, Capp. II, V e IX"
"HACCP - Somministrazione e preparazioni semplici","HACCP_116","Pomodori, insalata e altri vegetali da usare crudi devono essere:","Lavati e preparati secondo la procedura prevista","Appoggiati nel lavello sporco","Lavare i vegetali con detergenti non idonei","Usati senza alcun controllo","A","Reg. CE 852/2004, All. II, Capp. II, V e IX"
"HACCP - Somministrazione e preparazioni semplici","HACCP_117","I panini preparati in anticipo devono essere:","Lasciati scoperti sul banco","Protetti, identificati quando necessario e conservati correttamente","Tenuti fino al giorno seguente senza valutazione","Conservati vicino ai rifiuti","B","Reg. CE 852/2004, All. II, Capp. II, V e IX"
"HACCP - Somministrazione e preparazioni semplici","HACCP_118","Per limitare il tempo fuori frigorifero è opportuno:","Prelevare quantità di ingredienti adeguate al servizio","Aprire contemporaneamente ogni confezione","Scongelare tutto a inizio settimana","Lasciare tutte le scorte sul banco","A","Reg. CE 852/2004, All. II, Capp. II, V e IX"
"HACCP - Somministrazione e preparazioni semplici","HACCP_119","Gli avanzi di ingredienti rimasti esposti durante il servizio devono essere:","Mescolati con prodotto nuovo","Conservati senza coperchio","Valutati secondo tempo, temperatura e procedura prima di riutilizzarli","Rimessi sempre nella confezione originale","C","Reg. CE 852/2004, All. II, Capp. II, V e IX"
"HACCP - Somministrazione e preparazioni semplici","HACCP_120","Una salsa o maionese aperta deve essere:","Lasciata sempre sul tavolo","Conservata e utilizzata secondo le indicazioni dell’etichetta","Travasata in un contenitore senza nome","Usata oltre ogni scadenza se ha buon odore","B","Reg. CE 852/2004, All. II, Capp. II, V e IX"
"HACCP - Somministrazione e preparazioni semplici","HACCP_121","Se un cliente segnala un’allergia mentre ordina un panino bisogna:","Assicurare che il prodotto sia sicuro senza controllare","Togliere soltanto l’ingrediente visibile","Verificare ingredienti e possibilità di contaminazione prima di confermare il servizio","Dire che tutti i panini sono uguali","C","Reg. UE 1169/2011; Reg. UE 2021/382"
"HACCP - Somministrazione e preparazioni semplici","HACCP_122","I guanti usati per preparare un panino devono essere cambiati dopo:","Soltanto se si rompono completamente","Aver toccato superfici sporche, denaro o ingredienti incompatibili","La chiusura del locale","Dieci panini esatti in ogni caso","B","Reg. CE 852/2004, All. II, Cap. VIII"
"HACCP - Somministrazione e preparazioni semplici","HACCP_123","Per preparare panini senza contaminare il pane è utile:","Organizzare una zona pulita e usare utensili dedicati","Appoggiare il pane sul registratore di cassa","Tenere il pane vicino ai prodotti chimici","Usare il panno dei tavoli come base","A","Reg. CE 852/2004, All. II, Capp. II, V e IX"
"HACCP - Somministrazione e preparazioni semplici","HACCP_124","Prima di aggiungere una guarnizione pronta al consumo bisogna:","Assaggiarla con le dita","Verificare che sia stata conservata e manipolata correttamente","Lasciarla sul banco per tutta la giornata","Lavare il contenitore solo quando è vuoto","B","Reg. CE 852/2004, All. II, Capp. II, V e IX"
"HACCP - Somministrazione e preparazioni semplici","HACCP_125","Preparare piccoli lotti di panini durante il servizio aiuta a:","Eliminare la necessità di pulire","Conservare tutti i prodotti a temperatura ambiente","Ridurre il tempo di esposizione e mantenere un migliore controllo","Evitare di controllare le scadenze","C","Reg. CE 852/2004, All. II, Capp. II, V e IX"
"HACCP - Somministrazione e preparazioni semplici","HACCP_126","Durante il servizio, i bicchieri puliti devono essere presi:","Dal bordo superiore","Con il panno usato per i tavoli","Inserendo le dita all’interno","Dalla base o dallo stelo, evitando il bordo di bevuta","D","Reg. CE 852/2004, All. II, Capp. II, V e IX"
"HACCP - Somministrazione e preparazioni semplici","HACCP_127","Le posate pulite devono essere maneggiate:","Dalla parte destinata alla bocca","Appoggiandole sul pavimento","Dalla parte che non entra in contatto con la bocca","Con mani appena usate per i rifiuti","C","Reg. CE 852/2004, All. II, Capp. II, V e IX"
"HACCP - Somministrazione e preparazioni semplici","HACCP_128","Una posata caduta a terra deve essere:","Pulita sulla tovaglia","Usata per servire il pane","Rimessa sul tavolo","Sostituita con una pulita","D","Reg. CE 852/2004, All. II, Capp. II, V e IX"
"HACCP - Somministrazione e preparazioni semplici","HACCP_129","Gli alimenti esposti per un aperitivo devono essere:","Protetti da contaminazioni e mantenuti nelle condizioni previste","Lasciati senza protezione vicino ai clienti","Conservati accanto ai piatti sporchi","Toccati liberamente con le mani","A","Reg. CE 852/2004, All. II, Capp. II, V e IX"
"HACCP - Somministrazione e preparazioni semplici","HACCP_130","Quando un vassoio da buffet sta finendo è preferibile:","Usare le mani per compattare gli avanzi","Sostituirlo o rifornirlo secondo una procedura che eviti mescolanze incontrollate","Rimettere nel vassoio gli alimenti avanzati dai piatti","Versare sempre il nuovo prodotto sopra il vecchio","B","Reg. CE 852/2004, All. II, Capp. II, V e IX"
"HACCP - Somministrazione e preparazioni semplici","HACCP_131","I piatti o bicchieri già usati dai clienti devono essere:","Appoggiati sul banco dei panini","Tenuti separati dalle stoviglie pulite e dalle aree di preparazione","Impilati sopra le posate pulite","Riutilizzati senza lavaggio","B","Reg. CE 852/2004, All. II, Capp. II, V e IX"
"HACCP - Somministrazione e preparazioni semplici","HACCP_132","Le guarnizioni già inserite in una bevanda restituita dal cliente devono essere:","Lavate rapidamente e riutilizzate","Eliminate insieme alla bevanda","Riutilizzate per un altro cliente","Rimesse nel contenitore delle guarnizioni","B","Reg. CE 852/2004, All. II, Capp. II, V e IX"
"HACCP - Somministrazione e preparazioni semplici","HACCP_133","Le ciotole di snack lasciate ai tavoli devono essere:","Rabboccate con gli avanzi di altri tavoli","Gestite in porzioni pulite e non riversate nel contenitore originale","Condivise tra tavoli senza controllo","Conservate aperte fino al giorno seguente","B","Reg. CE 852/2004, All. II, Capp. II, V e IX"
"HACCP - Somministrazione e preparazioni semplici","HACCP_134","La paletta del ghiaccio deve essere conservata:","Sul pavimento vicino al banco","Dentro un bicchiere già usato","In modo pulito, protetto e senza che il manico tocchi il ghiaccio","Completamente immersa nel ghiaccio","C","Reg. CE 852/2004, All. II, Capp. II, V e IX"
"HACCP - Somministrazione e preparazioni semplici","HACCP_135","Dopo aver sparecchiato un tavolo e prima di toccare alimenti puliti bisogna:","Continuare senza alcuna precauzione","Indossare un grembiule sopra quello sporco","Pulire le mani sul vassoio","Lavarsi le mani e cambiare eventuali guanti contaminati","D","Reg. CE 852/2004, All. II, Cap. VIII"
"HACCP - Somministrazione e preparazioni semplici","HACCP_136","Le informazioni sugli allergeni devono essere fornite al cliente:","Soltanto dopo il pagamento","Solo se il cliente mostra sintomi","Esclusivamente sui prodotti confezionati","Prima che acquisti o consumi l’alimento","D","Reg. UE 1169/2011, artt. 9, 21 e 44, All. II"
"HACCP - Somministrazione e preparazioni semplici","HACCP_137","Se non si è certi degli allergeni presenti in un panino bisogna:","Assaggiare il prodotto","Controllare la documentazione e non dare risposte a caso","Dire che non contiene allergeni","Togliere il pane e servirlo","B","Reg. UE 1169/2011, artt. 9, 21 e 44, All. II"
"HACCP - Somministrazione e preparazioni semplici","HACCP_138","Gli allergeni presenti negli alimenti non preimballati devono essere:","Comunicati solo in caso di emergenza","Tenuti segreti per proteggere la ricetta","Indicati soltanto dal fornitore a voce","Comunicati con modalità chiare e supportate da documentazione disponibile","D","Reg. UE 1169/2011, artt. 9, 21 e 44, All. II"
"HACCP - Somministrazione e preparazioni semplici","HACCP_139","La contaminazione crociata da allergeni avviene quando:","Un allergene passa involontariamente a un altro alimento","Si usa un’etichetta leggibile","Si cambia il tovagliolo del tavolo","Un alimento viene conservato alla temperatura corretta","A","Reg. UE 2021/382 - gestione degli allergeni"
"HACCP - Somministrazione e preparazioni semplici","HACCP_140","Per preparare un alimento destinato a una persona allergica bisogna:","Seguire la procedura prevista e valutare se è possibile evitare il contatto con l’allergene","Usare gli stessi utensili sporchi","Promettere sempre l’assenza totale di tracce","Limitarsi a togliere l’ingrediente visibile","A","Reg. UE 2021/382 - gestione degli allergeni"
"HACCP - Somministrazione e preparazioni semplici","HACCP_141","Pulire una superficie prima di una preparazione per allergici serve a:","Sostituire la comunicazione al cliente","Cambiare il sapore del prodotto","Eliminare la necessità di controllare gli ingredienti","Ridurre il rischio di trasferimento di allergeni","D","Reg. UE 2021/382 - gestione degli allergeni"
"HACCP - Somministrazione e preparazioni semplici","HACCP_142","Cambiare i guanti senza pulire il piano di lavoro:","Rende inutile controllare le etichette","Permette di usare gli stessi utensili","Può non essere sufficiente a evitare il contatto con allergeni","Elimina sempre ogni rischio","C","Reg. UE 2021/382 - gestione degli allergeni"
"HACCP - Somministrazione e preparazioni semplici","HACCP_143","Se il fornitore cambia la ricetta di un ingrediente bisogna:","Rimuovere l’etichetta","Aggiornare le informazioni sugli allergeni prima di utilizzarlo","Informare i clienti solo dopo il consumo","Continuare a usare le vecchie informazioni","B","Reg. UE 1169/2011, artt. 9, 21 e 44, All. II"
"HACCP - Somministrazione e preparazioni semplici","HACCP_144","Quando un cliente comunica un’allergia, l’informazione deve essere:","Trasferita chiaramente a chi prepara e serve l’ordine","Comunicata agli altri clienti","Scritta soltanto sullo scontrino finale","Dimenticata dopo aver preso la comanda","A","Reg. UE 2021/382 - gestione degli allergeni"
"HACCP - Somministrazione e preparazioni semplici","HACCP_145","Pane e prodotti da forno possono contenere:","Esclusivamente coloranti","Soltanto acqua","Cereali contenenti glutine e altri allergeni indicati in etichetta","Nessun allergene per definizione","C","Reg. UE 1169/2011, artt. 9, 21 e 44, All. II"
"HACCP - Somministrazione e preparazioni semplici","HACCP_146","Latte e prodotti a base di latte rientrano:","Tra le sostanze o prodotti che possono causare allergie o intolleranze","Tra i prodotti che non richiedono informazioni","Tra gli alimenti sempre privi di allergeni","Tra i detergenti alimentari","A","Reg. UE 1169/2011, artt. 9, 21 e 44, All. II"
"HACCP - Somministrazione e preparazioni semplici","HACCP_147","Frutta a guscio, arachidi e sesamo devono essere:","Trattati come semplici decorazioni senza rischio","Aggiunti a ogni aperitivo","Conservati senza etichetta","Considerati nella gestione degli allergeni e verificati negli ingredienti","D","Reg. UE 1169/2011, artt. 9, 21 e 44, All. II"
"HACCP - Somministrazione e preparazioni semplici","HACCP_148","Usare la stessa pinza per panini diversi può:","Trasferire allergeni da un alimento all’altro","Rendere più precisa l’etichetta","Eliminare gli allergeni con il contatto","Migliorare la conservazione","A","Reg. UE 2021/382 - gestione degli allergeni"
"HACCP - Somministrazione e preparazioni semplici","HACCP_149","La dicitura “può contenere” indica:","Che il prodotto è scaduto","Che l’alimento non deve essere refrigerato","Un possibile rischio di presenza involontaria dell’allergene","Che l’allergene è sicuramente assente","C","Reg. UE 1169/2011, artt. 9, 21 e 44, All. II"
"HACCP - Somministrazione e preparazioni semplici","HACCP_150","In caso di dubbio sulla sicurezza di un ordine per una persona allergica è corretto:","Togliere l’etichetta dell’ingrediente","Non improvvisare e spiegare con chiarezza i limiti del servizio","Servire l’ordine senza informare nessuno","Garantire comunque che non vi siano tracce","B","Reg. UE 2021/382 - gestione degli allergeni"
