argomento,codice,domanda,opzione_a,opzione_b,opzione_c,opzione_d,corretta,riferimento
Primo Soccorso,PS001,In base a quale norma sono disciplinati organizzazione e contenuti minimi del primo soccorso aziendale?,D.M. 388/2003,D.M. 37/2008,D.P.R. 151/2011,D.M. 10/03/1998,A,D.M. 388/2003
Primo Soccorso,PS002,Scenario organizzazione: quale tra le seguenti affermazioni è corretta? In base a quale norma sono disciplinati organizzazione e contenuti minimi del primo soccorso aziendale?,D.P.R. 151/2011,D.M. 10/03/1998,D.M. 388/2003,D.M. 37/2008,C,D.M. 388/2003
Primo Soccorso,PS003,Chi adotta i provvedimenti necessari in materia di primo soccorso in azienda?,Il solo RLS,Ogni lavoratore autonomamente,Il fornitore della cassetta,Il datore di lavoro,D,Art. 45 D.Lgs. 81/2008
Primo Soccorso,PS004,Scenario organizzazione: quale tra le seguenti affermazioni è corretta? Chi adotta i provvedimenti necessari in materia di primo soccorso in azienda?,Il fornitore della cassetta,Il datore di lavoro,Il solo RLS,Ogni lavoratore autonomamente,B,Art. 45 D.Lgs. 81/2008
Primo Soccorso,PS005,Quali aziende rientrano nella classificazione prevista dal D.M. 388/2003?,"Livelli basso, medio e alto",Categorie X e Y,"Gruppi A, B e C","Classi 1, 2 e 3",C,Art. 1 D.M. 388/2003
Primo Soccorso,PS006,Scenario organizzazione: quale tra le seguenti affermazioni è corretta? Quali aziende rientrano nella classificazione prevista dal D.M. 388/2003?,"Gruppi A, B e C","Classi 1, 2 e 3","Livelli basso, medio e alto",Categorie X e Y,A,Art. 1 D.M. 388/2003
Primo Soccorso,PS007,Quanto dura il corso per addetti delle aziende del gruppo A?,12 ore,16 ore,4 ore,8 ore,B,Allegato 3 D.M. 388/2003
Primo Soccorso,PS008,Scenario organizzazione: quale tra le seguenti affermazioni è corretta? Quanto dura il corso per addetti delle aziende del gruppo A?,4 ore,8 ore,12 ore,16 ore,D,Allegato 3 D.M. 388/2003
Primo Soccorso,PS009,Quanto dura il corso per addetti delle aziende dei gruppi B e C?,12 ore,6 ore,10 ore,16 ore,A,Allegato 4 D.M. 388/2003
Primo Soccorso,PS010,Scenario organizzazione: quale tra le seguenti affermazioni è corretta? Quanto dura il corso per addetti delle aziende dei gruppi B e C?,10 ore,16 ore,12 ore,6 ore,C,Allegato 4 D.M. 388/2003
Primo Soccorso,PS011,Con quale frequenza va ripetuta almeno la formazione degli addetti per la capacità di intervento pratico?,Ogni anno,Ogni cinque anni,Solo alla nomina,Ogni tre anni,D,Art. 3 c. 5 D.M. 388/2003
Primo Soccorso,PS012,Scenario organizzazione: quale tra le seguenti affermazioni è corretta? Con quale frequenza va ripetuta almeno la formazione degli addetti per la capacità di intervento pratico?,Solo alla nomina,Ogni tre anni,Ogni anno,Ogni cinque anni,B,Art. 3 c. 5 D.M. 388/2003
Primo Soccorso,PS013,Nelle aziende dei gruppi A e B quale presidio deve essere disponibile?,Solo un DAE,Solo ghiaccio istantaneo,Cassetta di pronto soccorso,Solo un pacchetto di medicazione,C,Art. 2 D.M. 388/2003
Primo Soccorso,PS014,Scenario organizzazione: quale tra le seguenti affermazioni è corretta? Nelle aziende dei gruppi A e B quale presidio deve essere disponibile?,Cassetta di pronto soccorso,Solo un pacchetto di medicazione,Solo un DAE,Solo ghiaccio istantaneo,A,Art. 2 D.M. 388/2003
Primo Soccorso,PS015,Nelle aziende del gruppo C quale presidio minimo è previsto?,Ossigeno medicale,Pacchetto di medicazione,Cassetta da gruppo A obbligatoria,Ambulanza aziendale,B,Art. 2 D.M. 388/2003
Primo Soccorso,PS016,Scenario organizzazione: quale tra le seguenti affermazioni è corretta? Nelle aziende del gruppo C quale presidio minimo è previsto?,Cassetta da gruppo A obbligatoria,Ambulanza aziendale,Ossigeno medicale,Pacchetto di medicazione,D,Art. 2 D.M. 388/2003
Primo Soccorso,PS017,La cassetta di pronto soccorso deve essere custodita come?,In luogo facilmente accessibile e individuabile con segnaletica,In un locale chiuso noto solo al datore,Nel veicolo personale dell’addetto,Lontano dalle aree operative,A,Art. 2 D.M. 388/2003
Primo Soccorso,PS018,Scenario organizzazione: quale tra le seguenti affermazioni è corretta? La cassetta di pronto soccorso deve essere custodita come?,Nel veicolo personale dell’addetto,Lontano dalle aree operative,In luogo facilmente accessibile e individuabile con segnaletica,In un locale chiuso noto solo al datore,C,Art. 2 D.M. 388/2003
Primo Soccorso,PS019,Chi deve controllare completezza e scadenze dei presidi secondo l’organizzazione aziendale?,Esclusivamente il 112,Il lavoratore infortunato,Il produttore dei DPI,Il personale incaricato secondo il piano aziendale,D,"INAIL, Primo soccorso nei luoghi di lavoro, 2018"
Primo Soccorso,PS020,Scenario organizzazione: quale tra le seguenti affermazioni è corretta? Chi deve controllare completezza e scadenze dei presidi secondo l’organizzazione aziendale?,Il produttore dei DPI,Il personale incaricato secondo il piano aziendale,Esclusivamente il 112,Il lavoratore infortunato,B,"INAIL, Primo soccorso nei luoghi di lavoro, 2018"
Primo Soccorso,PS021,A cosa serve il piano di primo soccorso aziendale?,A diagnosticare le malattie,A evitare la chiamata ai soccorsi,"A definire compiti, comunicazioni e procedure di emergenza",A sostituire il DVR,C,"INAIL, Primo soccorso nei luoghi di lavoro, 2018"
Primo Soccorso,PS022,Scenario organizzazione: quale tra le seguenti affermazioni è corretta? A cosa serve il piano di primo soccorso aziendale?,"A definire compiti, comunicazioni e procedure di emergenza",A sostituire il DVR,A diagnosticare le malattie,A evitare la chiamata ai soccorsi,A,"INAIL, Primo soccorso nei luoghi di lavoro, 2018"
Primo Soccorso,PS023,L’addetto al primo soccorso può somministrare liberamente farmaci?,Solo antibiotici,"No, salvo protocolli o indicazioni sanitarie specifiche","Sì, qualsiasi farmaco da banco","Sì, se il collega acconsente",B,"INAIL, Primo soccorso nei luoghi di lavoro, 2018"
Primo Soccorso,PS024,Scenario organizzazione: quale tra le seguenti affermazioni è corretta? L’addetto al primo soccorso può somministrare liberamente farmaci?,"Sì, qualsiasi farmaco da banco","Sì, se il collega acconsente",Solo antibiotici,"No, salvo protocolli o indicazioni sanitarie specifiche",D,"INAIL, Primo soccorso nei luoghi di lavoro, 2018"
Primo Soccorso,PS025,Qual è il limite fondamentale dell’addetto al primo soccorso?,Prestare assistenza senza sostituirsi al personale sanitario,Formulare una diagnosi definitiva,Prescrivere terapie,Certificare l’infortunio,A,"INAIL, Primo soccorso nei luoghi di lavoro, 2018"
Primo Soccorso,PS026,Scenario organizzazione: quale tra le seguenti affermazioni è corretta? Qual è il limite fondamentale dell’addetto al primo soccorso?,Prescrivere terapie,Certificare l’infortunio,Prestare assistenza senza sostituirsi al personale sanitario,Formulare una diagnosi definitiva,C,"INAIL, Primo soccorso nei luoghi di lavoro, 2018"
Primo Soccorso,PS027,Quando vanno attivati i soccorsi sanitari esterni?,Solo dopo 30 minuti,Solo con autorizzazione scritta,Mai se è presente la cassetta,"Quando la situazione è grave, incerta o supera le capacità dell’addetto",D,Art. 45 D.Lgs. 81/2008; INAIL 2018
Primo Soccorso,PS028,Scenario organizzazione: quale tra le seguenti affermazioni è corretta? Quando vanno attivati i soccorsi sanitari esterni?,Mai se è presente la cassetta,"Quando la situazione è grave, incerta o supera le capacità dell’addetto",Solo dopo 30 minuti,Solo con autorizzazione scritta,B,Art. 45 D.Lgs. 81/2008; INAIL 2018
Primo Soccorso,PS029,Perché tutti i lavoratori devono conoscere le procedure di emergenza?,Per evitare ogni chiamata al 112,Per scegliere la terapia,Per attivare rapidamente il sistema e collaborare correttamente,Per sostituire sempre gli addetti,C,"INAIL, Primo soccorso nei luoghi di lavoro, 2018"
Primo Soccorso,PS030,Scenario organizzazione: quale tra le seguenti affermazioni è corretta? Perché tutti i lavoratori devono conoscere le procedure di emergenza?,Per attivare rapidamente il sistema e collaborare correttamente,Per sostituire sempre gli addetti,Per evitare ogni chiamata al 112,Per scegliere la terapia,A,"INAIL, Primo soccorso nei luoghi di lavoro, 2018"
Primo Soccorso,PS031,Qual è la prima verifica prima di avvicinarsi a una persona infortunata?,Il gruppo sanguigno,La sicurezza della scena,La presenza di documenti,L’età della persona,B,ERC Guidelines 2025; INAIL 2018
Primo Soccorso,PS032,Scenario allarme: quale tra le seguenti affermazioni è corretta? Qual è la prima verifica prima di avvicinarsi a una persona infortunata?,La presenza di documenti,L’età della persona,Il gruppo sanguigno,La sicurezza della scena,D,ERC Guidelines 2025; INAIL 2018
Primo Soccorso,PS033,"Se la scena presenta un pericolo non controllabile, cosa deve fare il soccorritore?",Non esporsi e allertare i servizi competenti,Entrare comunque rapidamente,Spostare da solo ogni macchinario,Ignorare il pericolo,A,ERC Guidelines 2025; INAIL 2018
Primo Soccorso,PS034,"Scenario allarme: quale tra le seguenti affermazioni è corretta? Se la scena presenta un pericolo non controllabile, cosa deve fare il soccorritore?",Spostare da solo ogni macchinario,Ignorare il pericolo,Non esporsi e allertare i servizi competenti,Entrare comunque rapidamente,C,ERC Guidelines 2025; INAIL 2018
Primo Soccorso,PS035,Quale numero rappresenta il punto unico europeo di accesso alle emergenze?,1133,1515,199,112,D,"Ministero della Salute, Numero unico 112"
Primo Soccorso,PS036,Scenario allarme: quale tra le seguenti affermazioni è corretta? Quale numero rappresenta il punto unico europeo di accesso alle emergenze?,199,112,1133,1515,B,"Ministero della Salute, Numero unico 112"
Primo Soccorso,PS037,Il 118 in Italia è destinato principalmente a quale servizio?,Manutenzione elettrica,Polizia locale,Emergenza sanitaria,Informazioni ferroviarie,C,"Ministero della Salute, 112 e 118"
Primo Soccorso,PS038,Scenario allarme: quale tra le seguenti affermazioni è corretta? Il 118 in Italia è destinato principalmente a quale servizio?,Emergenza sanitaria,Informazioni ferroviarie,Manutenzione elettrica,Polizia locale,A,"Ministero della Salute, 112 e 118"
Primo Soccorso,PS039,Quale informazione è essenziale comunicare per prima alla centrale?,Marca del telefono,Luogo esatto dell’evento,Nome del medico di famiglia,Contratto di lavoro,B,"Ministero della Salute, corretto uso 118"
Primo Soccorso,PS040,Scenario allarme: quale tra le seguenti affermazioni è corretta? Quale informazione è essenziale comunicare per prima alla centrale?,Nome del medico di famiglia,Contratto di lavoro,Marca del telefono,Luogo esatto dell’evento,D,"Ministero della Salute, corretto uso 118"
Primo Soccorso,PS041,Durante la chiamata di emergenza bisogna indicare anche cosa?,Numero e condizioni delle persone coinvolte,Solo il nome dell’azienda,Soltanto l’orario di lavoro,La prognosi definitiva,A,"Ministero della Salute, corretto uso 118"
Primo Soccorso,PS042,Scenario allarme: quale tra le seguenti affermazioni è corretta? Durante la chiamata di emergenza bisogna indicare anche cosa?,Soltanto l’orario di lavoro,La prognosi definitiva,Numero e condizioni delle persone coinvolte,Solo il nome dell’azienda,C,"Ministero della Salute, corretto uso 118"
Primo Soccorso,PS043,Quando si può chiudere la chiamata con la centrale operativa?,Subito dopo aver detto l’indirizzo,Quando arriva un collega,Dopo un minuto esatto,Quando lo indica l’operatore,D,"Ministero della Salute, corretto uso 118"
Primo Soccorso,PS044,Scenario allarme: quale tra le seguenti affermazioni è corretta? Quando si può chiudere la chiamata con la centrale operativa?,Dopo un minuto esatto,Quando lo indica l’operatore,Subito dopo aver detto l’indirizzo,Quando arriva un collega,B,"Ministero della Salute, corretto uso 118"
Primo Soccorso,PS045,Perché è utile inviare qualcuno ad accogliere l’ambulanza?,Per impedire l’accesso ai sanitari,Per spostare l’infortunato,Per guidare rapidamente i soccorritori sul luogo,Per firmare una diagnosi,C,"INAIL, Primo soccorso nei luoghi di lavoro, 2018"
Primo Soccorso,PS046,Scenario allarme: quale tra le seguenti affermazioni è corretta? Perché è utile inviare qualcuno ad accogliere l’ambulanza?,Per guidare rapidamente i soccorritori sul luogo,Per firmare una diagnosi,Per impedire l’accesso ai sanitari,Per spostare l’infortunato,A,"INAIL, Primo soccorso nei luoghi di lavoro, 2018"
Primo Soccorso,PS047,Cosa va riferito se sono presenti rischi specifici come sostanze chimiche o elettricità?,Unicamente il numero dei dipendenti,La natura del pericolo e le misure già adottate,Solo il nome commerciale dell’azienda,"Nulla, non è rilevante",B,"INAIL, Primo soccorso nei luoghi di lavoro, 2018"
Primo Soccorso,PS048,Scenario allarme: quale tra le seguenti affermazioni è corretta? Cosa va riferito se sono presenti rischi specifici come sostanze chimiche o elettricità?,Solo il nome commerciale dell’azienda,"Nulla, non è rilevante",Unicamente il numero dei dipendenti,La natura del pericolo e le misure già adottate,D,"INAIL, Primo soccorso nei luoghi di lavoro, 2018"
Primo Soccorso,PS049,In attesa dei soccorsi è corretto seguire le istruzioni telefoniche dell’operatore?,"Sì, mantenendo il telefono disponibile","No, mai",Solo se è presente un medico aziendale,Solo dopo aver letto il DVR,A,ERC Guidelines 2025; Ministero della Salute
Primo Soccorso,PS050,Scenario allarme: quale tra le seguenti affermazioni è corretta? In attesa dei soccorsi è corretto seguire le istruzioni telefoniche dell’operatore?,Solo se è presente un medico aziendale,Solo dopo aver letto il DVR,"Sì, mantenendo il telefono disponibile","No, mai",C,ERC Guidelines 2025; Ministero della Salute
Primo Soccorso,PS051,Una persona non risponde e respira in modo anomalo: cosa bisogna sospettare?,Semplice sonno,Solo ipotermia,Frattura isolata,Arresto cardiaco,D,"ERC Guidelines 2025, Adult BLS"
Primo Soccorso,PS052,Scenario bls-dae: quale tra le seguenti affermazioni è corretta? Una persona non risponde e respira in modo anomalo: cosa bisogna sospettare?,Frattura isolata,Arresto cardiaco,Semplice sonno,Solo ipotermia,B,"ERC Guidelines 2025, Adult BLS"
Primo Soccorso,PS053,Il gasping o respiro agonico deve essere considerato come?,Segno certo di ripresa,Motivo per rimandare l’allarme,Respiro anomalo compatibile con arresto cardiaco,Respirazione normale,C,"ERC Guidelines 2025, Adult BLS"
Primo Soccorso,PS054,Scenario bls-dae: quale tra le seguenti affermazioni è corretta? Il gasping o respiro agonico deve essere considerato come?,Respiro anomalo compatibile con arresto cardiaco,Respirazione normale,Segno certo di ripresa,Motivo per rimandare l’allarme,A,"ERC Guidelines 2025, Adult BLS"
Primo Soccorso,PS055,Quando iniziare le compressioni toraciche nell’adulto?,Dopo dieci minuti,Se è incosciente e non respira normalmente,Solo quando arriva l’ambulanza,Se lamenta dolore ma è vigile,B,"ERC Guidelines 2025, Adult BLS"
Primo Soccorso,PS056,Scenario bls-dae: quale tra le seguenti affermazioni è corretta? Quando iniziare le compressioni toraciche nell’adulto?,Solo quando arriva l’ambulanza,Se lamenta dolore ma è vigile,Dopo dieci minuti,Se è incosciente e non respira normalmente,D,"ERC Guidelines 2025, Adult BLS"
Primo Soccorso,PS057,Dove si posizionano le mani per le compressioni nell’adulto?,"Al centro del torace, sulla metà inferiore dello sterno",Sull’addome,Sul lato sinistro del collo,Sulle costole inferiori,A,"ERC Guidelines 2025, Adult BLS"
Primo Soccorso,PS058,Scenario bls-dae: quale tra le seguenti affermazioni è corretta? Dove si posizionano le mani per le compressioni nell’adulto?,Sul lato sinistro del collo,Sulle costole inferiori,"Al centro del torace, sulla metà inferiore dello sterno",Sull’addome,C,"ERC Guidelines 2025, Adult BLS"
Primo Soccorso,PS059,Qual è la frequenza raccomandata delle compressioni toraciche nell’adulto?,40-60 al minuto,140-160 al minuto,20-30 al minuto,100-120 al minuto,D,"ERC Guidelines 2025, Adult BLS"
Primo Soccorso,PS060,Scenario bls-dae: quale tra le seguenti affermazioni è corretta? Qual è la frequenza raccomandata delle compressioni toraciche nell’adulto?,20-30 al minuto,100-120 al minuto,40-60 al minuto,140-160 al minuto,B,"ERC Guidelines 2025, Adult BLS"
Primo Soccorso,PS061,Qual è la profondità indicativa delle compressioni nell’adulto?,8-10 cm,12 cm,Almeno 5 cm ma non oltre 6 cm,1 cm,C,"ERC Guidelines 2025, Adult BLS"
Primo Soccorso,PS062,Scenario bls-dae: quale tra le seguenti affermazioni è corretta? Qual è la profondità indicativa delle compressioni nell’adulto?,Almeno 5 cm ma non oltre 6 cm,1 cm,8-10 cm,12 cm,A,"ERC Guidelines 2025, Adult BLS"
Primo Soccorso,PS063,Dopo ogni compressione il torace deve fare cosa?,Essere sollevato con le mani,Riespandersi completamente,Restare compresso,Essere massaggiato lateralmente,B,"ERC Guidelines 2025, Adult BLS"
Primo Soccorso,PS064,Scenario bls-dae: quale tra le seguenti affermazioni è corretta? Dopo ogni compressione il torace deve fare cosa?,Restare compresso,Essere massaggiato lateralmente,Essere sollevato con le mani,Riespandersi completamente,D,"ERC Guidelines 2025, Adult BLS"
Primo Soccorso,PS065,Qual è il rapporto compressioni-ventilazioni per il soccorritore addestrato nell’adulto?,30:2,15:1,5:1,10:5,A,"ERC Guidelines 2025, Adult BLS"
Primo Soccorso,PS066,Scenario bls-dae: quale tra le seguenti affermazioni è corretta? Qual è il rapporto compressioni-ventilazioni per il soccorritore addestrato nell’adulto?,5:1,10:5,30:2,15:1,C,"ERC Guidelines 2025, Adult BLS"
Primo Soccorso,PS067,"Se il soccorritore non è in grado di ventilare, cosa dovrebbe fare?",Non iniziare alcuna manovra,Attendere passivamente,Dare acqua,Eseguire compressioni toraciche continue,D,"ERC Guidelines 2025, Adult BLS"
Primo Soccorso,PS068,"Scenario bls-dae: quale tra le seguenti affermazioni è corretta? Se il soccorritore non è in grado di ventilare, cosa dovrebbe fare?",Dare acqua,Eseguire compressioni toraciche continue,Non iniziare alcuna manovra,Attendere passivamente,B,"ERC Guidelines 2025, Adult BLS"
Primo Soccorso,PS069,Le interruzioni delle compressioni devono essere come?,Frequenti per controllare il polso,Programmate ogni dieci compressioni,Ridotte al minimo,Di almeno un minuto,C,"ERC Guidelines 2025, Adult BLS"
Primo Soccorso,PS070,Scenario bls-dae: quale tra le seguenti affermazioni è corretta? Le interruzioni delle compressioni devono essere come?,Ridotte al minimo,Di almeno un minuto,Frequenti per controllare il polso,Programmate ogni dieci compressioni,A,"ERC Guidelines 2025, Adult BLS"
Primo Soccorso,PS071,Quando utilizzare il DAE?,Prima di verificare la sicurezza,Appena disponibile,Solo dopo venti minuti di RCP,Solo se la persona è cosciente,B,"ERC Guidelines 2025, Adult BLS"
Primo Soccorso,PS072,Scenario bls-dae: quale tra le seguenti affermazioni è corretta? Quando utilizzare il DAE?,Solo dopo venti minuti di RCP,Solo se la persona è cosciente,Prima di verificare la sicurezza,Appena disponibile,D,"ERC Guidelines 2025, Adult BLS"
Primo Soccorso,PS073,Durante l’analisi del ritmo da parte del DAE cosa occorre fare?,Non toccare la persona,Continuare le compressioni,Rimuovere gli elettrodi,Sollevare le gambe,A,"ERC Guidelines 2025, Adult BLS"
Primo Soccorso,PS074,Scenario bls-dae: quale tra le seguenti affermazioni è corretta? Durante l’analisi del ritmo da parte del DAE cosa occorre fare?,Rimuovere gli elettrodi,Sollevare le gambe,Non toccare la persona,Continuare le compressioni,C,"ERC Guidelines 2025, Adult BLS"
Primo Soccorso,PS075,Prima di erogare una scarica con il DAE bisogna assicurarsi che?,La persona sia seduta,Gli elettrodi siano rimossi,Il torace sia bagnato,Nessuno tocchi la persona,D,"ERC Guidelines 2025, Adult BLS"
Primo Soccorso,PS076,Scenario bls-dae: quale tra le seguenti affermazioni è corretta? Prima di erogare una scarica con il DAE bisogna assicurarsi che?,Il torace sia bagnato,Nessuno tocchi la persona,La persona sia seduta,Gli elettrodi siano rimossi,B,"ERC Guidelines 2025, Adult BLS"
Primo Soccorso,PS077,Dopo una scarica del DAE cosa si fa normalmente?,Si somministra acqua,Si rimuove il DAE,Si riprende subito la RCP seguendo i comandi,Si attende cinque minuti,C,"ERC Guidelines 2025, Adult BLS"
Primo Soccorso,PS078,Scenario bls-dae: quale tra le seguenti affermazioni è corretta? Dopo una scarica del DAE cosa si fa normalmente?,Si riprende subito la RCP seguendo i comandi,Si attende cinque minuti,Si somministra acqua,Si rimuove il DAE,A,"ERC Guidelines 2025, Adult BLS"
Primo Soccorso,PS079,"Se il DAE indica che la scarica non è consigliata, cosa si fa?",Si mette subito in piedi la persona,Si riprende la RCP seguendo le istruzioni,Si spegne e si abbandona la persona,Si eroga manualmente una scarica,B,"ERC Guidelines 2025, Adult BLS"
Primo Soccorso,PS080,"Scenario bls-dae: quale tra le seguenti affermazioni è corretta? Se il DAE indica che la scarica non è consigliata, cosa si fa?",Si spegne e si abbandona la persona,Si eroga manualmente una scarica,Si mette subito in piedi la persona,Si riprende la RCP seguendo le istruzioni,D,"ERC Guidelines 2025, Adult BLS"
Primo Soccorso,PS081,"Su un torace bagnato, prima di applicare gli elettrodi, cosa bisogna fare?",Asciugare rapidamente la zona di applicazione,Versare altra acqua,Applicare gli elettrodi sui vestiti,Rinunciare sempre al DAE,A,"ERC Guidelines 2025, Adult BLS"
Primo Soccorso,PS082,"Scenario bls-dae: quale tra le seguenti affermazioni è corretta? Su un torace bagnato, prima di applicare gli elettrodi, cosa bisogna fare?",Applicare gli elettrodi sui vestiti,Rinunciare sempre al DAE,Asciugare rapidamente la zona di applicazione,Versare altra acqua,C,"ERC Guidelines 2025, Adult BLS"
Primo Soccorso,PS083,"Se un cerotto farmacologico ostacola il punto dell’elettrodo, cosa fare?",Applicare l’elettrodo sopra il cerotto,Tagliare il cavo del DAE,Bagnare il cerotto,"Rimuoverlo con protezione, asciugare e applicare l’elettrodo",D,"ERC Guidelines 2025, Adult BLS"
Primo Soccorso,PS084,"Scenario bls-dae: quale tra le seguenti affermazioni è corretta? Se un cerotto farmacologico ostacola il punto dell’elettrodo, cosa fare?",Bagnare il cerotto,"Rimuoverlo con protezione, asciugare e applicare l’elettrodo",Applicare l’elettrodo sopra il cerotto,Tagliare il cavo del DAE,B,"ERC Guidelines 2025, Adult BLS"
Primo Soccorso,PS085,Quando si interrompe la RCP?,Dopo la prima scarica,Quando arriva un collega non formato,"Quando la persona riprende segni di vita, arrivano i soccorsi o il soccorritore è esausto/pericolo",Dopo due minuti esatti,C,"ERC Guidelines 2025, Adult BLS"
Primo Soccorso,PS086,Scenario bls-dae: quale tra le seguenti affermazioni è corretta? Quando si interrompe la RCP?,"Quando la persona riprende segni di vita, arrivano i soccorsi o il soccorritore è esausto/pericolo",Dopo due minuti esatti,Dopo la prima scarica,Quando arriva un collega non formato,A,"ERC Guidelines 2025, Adult BLS"
Primo Soccorso,PS087,Una breve attività simil-convulsiva all’esordio può essere segno di cosa?,Ustione chimica,Arresto cardiaco,Guarigione,Frattura della mano,B,"ERC Guidelines 2025, Adult BLS"
Primo Soccorso,PS088,Scenario bls-dae: quale tra le seguenti affermazioni è corretta? Una breve attività simil-convulsiva all’esordio può essere segno di cosa?,Guarigione,Frattura della mano,Ustione chimica,Arresto cardiaco,D,"ERC Guidelines 2025, Adult BLS"
Primo Soccorso,PS089,"Per valutare il respiro di una persona incosciente, cosa è importante riconoscere?",Respirazione normale rispetto a gasping o respiro lento e faticoso,Solo il rumore dei vestiti,Il colore degli occhi,La temperatura della stanza,A,"ERC Guidelines 2025, Adult BLS"
Primo Soccorso,PS090,"Scenario bls-dae: quale tra le seguenti affermazioni è corretta? Per valutare il respiro di una persona incosciente, cosa è importante riconoscere?",Il colore degli occhi,La temperatura della stanza,Respirazione normale rispetto a gasping o respiro lento e faticoso,Solo il rumore dei vestiti,C,"ERC Guidelines 2025, Adult BLS"
Primo Soccorso,PS091,Una persona con ostruzione lieve delle vie aeree che tossisce efficacemente va incoraggiata a?,Bere rapidamente,Sdraiarsi supina,Ricevere subito compressioni toraciche,Continuare a tossire,D,"ERC Guidelines 2025, Adult BLS"
Primo Soccorso,PS092,Scenario ostruzione: quale tra le seguenti affermazioni è corretta? Una persona con ostruzione lieve delle vie aeree che tossisce efficacemente va incoraggiata a?,Ricevere subito compressioni toraciche,Continuare a tossire,Bere rapidamente,Sdraiarsi supina,B,"ERC Guidelines 2025, Adult BLS"
Primo Soccorso,PS093,Quale segno suggerisce un’ostruzione grave delle vie aeree?,Starnuto isolato,Dolore a un dito,Incapacità di parlare o tossire efficacemente,Tosse forte e parola normale,C,"ERC Guidelines 2025, Adult BLS"
Primo Soccorso,PS094,Scenario ostruzione: quale tra le seguenti affermazioni è corretta? Quale segno suggerisce un’ostruzione grave delle vie aeree?,Incapacità di parlare o tossire efficacemente,Tosse forte e parola normale,Starnuto isolato,Dolore a un dito,A,"ERC Guidelines 2025, Adult BLS"
Primo Soccorso,PS095,"Nell’adulto cosciente con ostruzione grave, quale sequenza è indicata?",Compressione del collo,Fino a 5 colpi dorsali e poi fino a 5 spinte addominali,Solo acqua e riposo,Dieci ventilazioni consecutive,B,"ERC Guidelines 2025, Adult BLS"
Primo Soccorso,PS096,"Scenario ostruzione: quale tra le seguenti affermazioni è corretta? Nell’adulto cosciente con ostruzione grave, quale sequenza è indicata?",Solo acqua e riposo,Dieci ventilazioni consecutive,Compressione del collo,Fino a 5 colpi dorsali e poi fino a 5 spinte addominali,D,"ERC Guidelines 2025, Adult BLS"
Primo Soccorso,PS097,Dove si applicano i colpi dorsali nell’ostruzione grave?,Tra le scapole,Sulla nuca,Sulla zona lombare,Sul torace anteriore,A,"ERC Guidelines 2025, Adult BLS"
Primo Soccorso,PS098,Scenario ostruzione: quale tra le seguenti affermazioni è corretta? Dove si applicano i colpi dorsali nell’ostruzione grave?,Sulla zona lombare,Sul torace anteriore,Tra le scapole,Sulla nuca,C,"ERC Guidelines 2025, Adult BLS"
Primo Soccorso,PS099,"Se l’ostruzione non si risolve, colpi dorsali e spinte addominali vanno?",Sospesi definitivamente,Sostituiti da acqua,Eseguiti solo una volta,"Alternati in cicli, attivando i soccorsi",D,"ERC Guidelines 2025, Adult BLS"
Primo Soccorso,PS100,"Scenario ostruzione: quale tra le seguenti affermazioni è corretta? Se l’ostruzione non si risolve, colpi dorsali e spinte addominali vanno?",Eseguiti solo una volta,"Alternati in cicli, attivando i soccorsi",Sospesi definitivamente,Sostituiti da acqua,B,"ERC Guidelines 2025, Adult BLS"
Primo Soccorso,PS101,"Se la persona con ostruzione diventa incosciente, cosa si deve fare?",Darle cibo morbido,Sollevare entrambe le braccia e attendere,Adagiarla con cautela e iniziare la RCP,Lasciarla seduta,C,"ERC Guidelines 2025, Adult BLS"
Primo Soccorso,PS102,"Scenario ostruzione: quale tra le seguenti affermazioni è corretta? Se la persona con ostruzione diventa incosciente, cosa si deve fare?",Adagiarla con cautela e iniziare la RCP,Lasciarla seduta,Darle cibo morbido,Sollevare entrambe le braccia e attendere,A,"ERC Guidelines 2025, Adult BLS"
Primo Soccorso,PS103,È corretto esplorare alla cieca la bocca con le dita?,Solo dopo aver dato acqua,"No, si rimuove solo un oggetto chiaramente visibile","Sì, sempre e profondamente",Solo usando una penna,B,"ERC Guidelines 2025, Adult BLS"
Primo Soccorso,PS104,Scenario ostruzione: quale tra le seguenti affermazioni è corretta? È corretto esplorare alla cieca la bocca con le dita?,"Sì, sempre e profondamente",Solo usando una penna,Solo dopo aver dato acqua,"No, si rimuove solo un oggetto chiaramente visibile",D,"ERC Guidelines 2025, Adult BLS"
Primo Soccorso,PS105,Dopo spinte addominali efficaci è opportuno cosa?,Far valutare la persona per possibili lesioni o materiale residuo,Riprendere subito il lavoro pesante,Somministrare sedativi,Ignorare ogni sintomo,A,"ERC Guidelines 2025, Adult BLS"
Primo Soccorso,PS106,Scenario ostruzione: quale tra le seguenti affermazioni è corretta? Dopo spinte addominali efficaci è opportuno cosa?,Somministrare sedativi,Ignorare ogni sintomo,Far valutare la persona per possibili lesioni o materiale residuo,Riprendere subito il lavoro pesante,C,"ERC Guidelines 2025, Adult BLS"
Primo Soccorso,PS107,"Nella donna in gravidanza avanzata con ostruzione grave, le spinte addominali sono sostituite da?",Compressioni sulle gambe,Massaggio del collo,Nessuna manovra,Spinte toraciche,D,"ERC Guidelines 2025, Adult BLS"
Primo Soccorso,PS108,"Scenario ostruzione: quale tra le seguenti affermazioni è corretta? Nella donna in gravidanza avanzata con ostruzione grave, le spinte addominali sono sostituite da?",Nessuna manovra,Spinte toraciche,Compressioni sulle gambe,Massaggio del collo,B,"ERC Guidelines 2025, Adult BLS"
Primo Soccorso,PS109,"Nella persona molto obesa, se non si può circondare l’addome, si possono usare?",Compressioni lombari,Solo ventilazioni,Spinte toraciche,Trazioni delle orecchie,C,"ERC Guidelines 2025, Adult BLS"
Primo Soccorso,PS110,"Scenario ostruzione: quale tra le seguenti affermazioni è corretta? Nella persona molto obesa, se non si può circondare l’addome, si possono usare?",Spinte toraciche,Trazioni delle orecchie,Compressioni lombari,Solo ventilazioni,A,"ERC Guidelines 2025, Adult BLS"
Primo Soccorso,PS111,Qual è la prima misura per un’emorragia esterna importante?,Applicare calore,Pressione manuale diretta sulla ferita,Lavaggio prolungato senza compressione,Sollevare sempre la persona in piedi,B,"ERC Guidelines 2025, First Aid"
Primo Soccorso,PS112,Scenario emorragie: quale tra le seguenti affermazioni è corretta? Qual è la prima misura per un’emorragia esterna importante?,Lavaggio prolungato senza compressione,Sollevare sempre la persona in piedi,Applicare calore,Pressione manuale diretta sulla ferita,D,"ERC Guidelines 2025, First Aid"
Primo Soccorso,PS113,"Se disponibile, cosa si interpone sulla ferita mentre si comprime?",Garza o materiale pulito,Terra sterile improvvisata,Carta stampata sporca,Cotone sciolto dentro la ferita,A,INAIL 2018; ERC Guidelines 2025
Primo Soccorso,PS114,"Scenario emorragie: quale tra le seguenti affermazioni è corretta? Se disponibile, cosa si interpone sulla ferita mentre si comprime?",Carta stampata sporca,Cotone sciolto dentro la ferita,Garza o materiale pulito,Terra sterile improvvisata,C,INAIL 2018; ERC Guidelines 2025
Primo Soccorso,PS115,"Se la prima medicazione si impregna di sangue, cosa fare?",Rimuoverla continuamente,Interrompere la compressione,Lavare con solvente,Aggiungere altro materiale sopra continuando la pressione,D,"INAIL, Primo soccorso nei luoghi di lavoro, 2018"
Primo Soccorso,PS116,"Scenario emorragie: quale tra le seguenti affermazioni è corretta? Se la prima medicazione si impregna di sangue, cosa fare?",Lavare con solvente,Aggiungere altro materiale sopra continuando la pressione,Rimuoverla continuamente,Interrompere la compressione,B,"INAIL, Primo soccorso nei luoghi di lavoro, 2018"
Primo Soccorso,PS117,Un oggetto conficcato in una ferita deve essere?,Spinto più in profondità,Ruotato per controllare il dolore,Lasciato in sede e stabilizzato,Estratto immediatamente,C,"INAIL, Primo soccorso nei luoghi di lavoro, 2018"
Primo Soccorso,PS118,Scenario emorragie: quale tra le seguenti affermazioni è corretta? Un oggetto conficcato in una ferita deve essere?,Lasciato in sede e stabilizzato,Estratto immediatamente,Spinto più in profondità,Ruotato per controllare il dolore,A,"INAIL, Primo soccorso nei luoghi di lavoro, 2018"
Primo Soccorso,PS119,Quando può essere considerato un tourniquet?,Sul collo,"In un’emorragia massiva di un arto non controllabile con pressione diretta, se addestrati",Per ogni piccolo taglio,Per un’emorragia nasale,B,"ERC Guidelines 2025, First Aid"
Primo Soccorso,PS120,Scenario emorragie: quale tra le seguenti affermazioni è corretta? Quando può essere considerato un tourniquet?,Per ogni piccolo taglio,Per un’emorragia nasale,Sul collo,"In un’emorragia massiva di un arto non controllabile con pressione diretta, se addestrati",D,"ERC Guidelines 2025, First Aid"
Primo Soccorso,PS121,Dopo l’applicazione di un tourniquet è importante cosa?,Annotare l’ora e non allentarlo autonomamente,Coprirlo per non farlo vedere,Allentarlo ogni minuto,Rimuoverlo appena cala il dolore,A,"ERC Guidelines 2025, First Aid"
Primo Soccorso,PS122,Scenario emorragie: quale tra le seguenti affermazioni è corretta? Dopo l’applicazione di un tourniquet è importante cosa?,Allentarlo ogni minuto,Rimuoverlo appena cala il dolore,Annotare l’ora e non allentarlo autonomamente,Coprirlo per non farlo vedere,C,"ERC Guidelines 2025, First Aid"
Primo Soccorso,PS123,Quale combinazione può suggerire shock?,Appetito e pelle calda normale,Prurito isolato,Dolore a un’unghia,"Pallore, sudorazione, debolezza e alterazione dello stato mentale",D,"INAIL, Primo soccorso nei luoghi di lavoro, 2018"
Primo Soccorso,PS124,Scenario emorragie: quale tra le seguenti affermazioni è corretta? Quale combinazione può suggerire shock?,Dolore a un’unghia,"Pallore, sudorazione, debolezza e alterazione dello stato mentale",Appetito e pelle calda normale,Prurito isolato,B,"INAIL, Primo soccorso nei luoghi di lavoro, 2018"
Primo Soccorso,PS125,"In caso di sospetto shock, oltre ad allertare i soccorsi, cosa è corretto?",Darle alcolici,Lasciarla sola,"Tenere la persona al riparo, monitorarla e non darle cibi o bevande",Farla camminare velocemente,C,"INAIL, Primo soccorso nei luoghi di lavoro, 2018"
Primo Soccorso,PS126,"Scenario emorragie: quale tra le seguenti affermazioni è corretta? In caso di sospetto shock, oltre ad allertare i soccorsi, cosa è corretto?","Tenere la persona al riparo, monitorarla e non darle cibi o bevande",Farla camminare velocemente,Darle alcolici,Lasciarla sola,A,"INAIL, Primo soccorso nei luoghi di lavoro, 2018"
Primo Soccorso,PS127,"Per un’epistassi in una persona cosciente, quale posizione è indicata?",In piedi con testa molto indietro,"Seduta, leggermente inclinata in avanti",Supina con testa all’indietro,Prona,B,"INAIL, Primo soccorso nei luoghi di lavoro, 2018"
Primo Soccorso,PS128,"Scenario emorragie: quale tra le seguenti affermazioni è corretta? Per un’epistassi in una persona cosciente, quale posizione è indicata?",Supina con testa all’indietro,Prona,In piedi con testa molto indietro,"Seduta, leggermente inclinata in avanti",D,"INAIL, Primo soccorso nei luoghi di lavoro, 2018"
Primo Soccorso,PS129,"Nell’epistassi, quale parte del naso si comprime?",La parte molle delle narici,Il ponte osseo soltanto,La fronte,Il collo,A,"INAIL, Primo soccorso nei luoghi di lavoro, 2018"
Primo Soccorso,PS130,"Scenario emorragie: quale tra le seguenti affermazioni è corretta? Nell’epistassi, quale parte del naso si comprime?",La fronte,Il collo,La parte molle delle narici,Il ponte osseo soltanto,C,"INAIL, Primo soccorso nei luoghi di lavoro, 2018"
Primo Soccorso,PS131,Una persona con possibile trauma della colonna va spostata quando?,Sempre per farla sedere,Per cercare una posizione più comoda,Ogni cinque minuti,"Solo se necessario per sicurezza, RCP o gestione di un pericolo immediato",D,"INAIL, Primo soccorso nei luoghi di lavoro, 2018"
Primo Soccorso,PS132,Scenario traumi: quale tra le seguenti affermazioni è corretta? Una persona con possibile trauma della colonna va spostata quando?,Ogni cinque minuti,"Solo se necessario per sicurezza, RCP o gestione di un pericolo immediato",Sempre per farla sedere,Per cercare una posizione più comoda,B,"INAIL, Primo soccorso nei luoghi di lavoro, 2018"
Primo Soccorso,PS133,"In un sospetto trauma cranico con sonnolenza, vomito o confusione cosa fare?",Far riprendere subito il lavoro,Lasciare la persona sola a dormire,Attivare urgentemente i soccorsi e monitorare,Dare cibo,C,"INAIL, Primo soccorso nei luoghi di lavoro, 2018"
Primo Soccorso,PS134,"Scenario traumi: quale tra le seguenti affermazioni è corretta? In un sospetto trauma cranico con sonnolenza, vomito o confusione cosa fare?",Attivare urgentemente i soccorsi e monitorare,Dare cibo,Far riprendere subito il lavoro,Lasciare la persona sola a dormire,A,"INAIL, Primo soccorso nei luoghi di lavoro, 2018"
Primo Soccorso,PS135,Una deformità evidente di un arto deve essere?,Riscaldata con fiamma,Immobilizzata nella posizione trovata senza tentare riallineamenti,Raddrizzata con forza,Massaggiata energicamente,B,"INAIL, Primo soccorso nei luoghi di lavoro, 2018"
Primo Soccorso,PS136,Scenario traumi: quale tra le seguenti affermazioni è corretta? Una deformità evidente di un arto deve essere?,Raddrizzata con forza,Massaggiata energicamente,Riscaldata con fiamma,Immobilizzata nella posizione trovata senza tentare riallineamenti,D,"INAIL, Primo soccorso nei luoghi di lavoro, 2018"
Primo Soccorso,PS137,Prima e dopo un’immobilizzazione di un arto è utile controllare cosa?,"Circolo, sensibilità e movimento distali",Solo la temperatura dell’ambiente,Il gruppo sanguigno,La pressione dell’altro soccorritore,A,"INAIL, Primo soccorso nei luoghi di lavoro, 2018"
Primo Soccorso,PS138,Scenario traumi: quale tra le seguenti affermazioni è corretta? Prima e dopo un’immobilizzazione di un arto è utile controllare cosa?,Il gruppo sanguigno,La pressione dell’altro soccorritore,"Circolo, sensibilità e movimento distali",Solo la temperatura dell’ambiente,C,"INAIL, Primo soccorso nei luoghi di lavoro, 2018"
Primo Soccorso,PS139,"In caso di amputazione, la parte amputata va conservata come?",Direttamente nel ghiaccio,In acqua calda,Senza protezione al sole,"Avvolta in materiale pulito, in sacchetto chiuso, raffreddato senza contatto diretto col ghiaccio",D,"INAIL, Primo soccorso nei luoghi di lavoro, 2018"
Primo Soccorso,PS140,"Scenario traumi: quale tra le seguenti affermazioni è corretta? In caso di amputazione, la parte amputata va conservata come?",Senza protezione al sole,"Avvolta in materiale pulito, in sacchetto chiuso, raffreddato senza contatto diretto col ghiaccio",Direttamente nel ghiaccio,In acqua calda,B,"INAIL, Primo soccorso nei luoghi di lavoro, 2018"
Primo Soccorso,PS141,"In caso di sospetta frattura esposta, cosa non bisogna fare?",Controllare l’emorragia intorno alla lesione,Allertare i soccorsi,Spingere l’osso all’interno,Coprire con materiale sterile,C,"INAIL, Primo soccorso nei luoghi di lavoro, 2018"
Primo Soccorso,PS142,"Scenario traumi: quale tra le seguenti affermazioni è corretta? In caso di sospetta frattura esposta, cosa non bisogna fare?",Spingere l’osso all’interno,Coprire con materiale sterile,Controllare l’emorragia intorno alla lesione,Allertare i soccorsi,A,"INAIL, Primo soccorso nei luoghi di lavoro, 2018"
Primo Soccorso,PS143,"Dopo una caduta dall’alto, anche se la persona parla, è importante cosa?",Farle guidare fino a casa,Considerare possibili lesioni interne e spinali,Farla alzare subito,Darle antidolorifici propri,B,"INAIL, Primo soccorso nei luoghi di lavoro, 2018"
Primo Soccorso,PS144,"Scenario traumi: quale tra le seguenti affermazioni è corretta? Dopo una caduta dall’alto, anche se la persona parla, è importante cosa?",Farla alzare subito,Darle antidolorifici propri,Farle guidare fino a casa,Considerare possibili lesioni interne e spinali,D,"INAIL, Primo soccorso nei luoghi di lavoro, 2018"
Primo Soccorso,PS145,"In caso di trauma toracico con difficoltà respiratoria, cosa fare?",Chiamare subito i soccorsi e monitorare il respiro,Stringere fortemente il torace con una corda,Dare cibo,Far correre la persona,A,"INAIL, Primo soccorso nei luoghi di lavoro, 2018"
Primo Soccorso,PS146,"Scenario traumi: quale tra le seguenti affermazioni è corretta? In caso di trauma toracico con difficoltà respiratoria, cosa fare?",Dare cibo,Far correre la persona,Chiamare subito i soccorsi e monitorare il respiro,Stringere fortemente il torace con una corda,C,"INAIL, Primo soccorso nei luoghi di lavoro, 2018"
Primo Soccorso,PS147,Una lesione oculare con corpo penetrante richiede cosa?,Estrarre l’oggetto con pinze,Premere sull’occhio,Applicare collirio casuale,"Non rimuovere l’oggetto, proteggere senza comprimere e attivare i soccorsi",D,"INAIL, Primo soccorso nei luoghi di lavoro, 2018"
Primo Soccorso,PS148,Scenario traumi: quale tra le seguenti affermazioni è corretta? Una lesione oculare con corpo penetrante richiede cosa?,Applicare collirio casuale,"Non rimuovere l’oggetto, proteggere senza comprimere e attivare i soccorsi",Estrarre l’oggetto con pinze,Premere sull’occhio,B,"INAIL, Primo soccorso nei luoghi di lavoro, 2018"
Primo Soccorso,PS149,"In presenza di polvere superficiale nell’occhio, quale primo intervento è appropriato?",Usare solvente,Coprire entrambi gli occhi per ore senza valutazione,Irrigare delicatamente con acqua pulita o soluzione fisiologica,Strofinare con forza,C,"INAIL, Primo soccorso nei luoghi di lavoro, 2018"
Primo Soccorso,PS150,"Scenario traumi: quale tra le seguenti affermazioni è corretta? In presenza di polvere superficiale nell’occhio, quale primo intervento è appropriato?",Irrigare delicatamente con acqua pulita o soluzione fisiologica,Strofinare con forza,Usare solvente,Coprire entrambi gli occhi per ore senza valutazione,A,"INAIL, Primo soccorso nei luoghi di lavoro, 2018"
Primo Soccorso,PS151,Qual è il primo trattamento di un’ustione termica recente?,Rompere le vesciche,Raffreddare con acqua corrente fresca,Applicare ghiaccio direttamente,Spalmare burro,B,"ERC Guidelines 2025, First Aid"
Primo Soccorso,PS152,Scenario ustioni: quale tra le seguenti affermazioni è corretta? Qual è il primo trattamento di un’ustione termica recente?,Applicare ghiaccio direttamente,Spalmare burro,Rompere le vesciche,Raffreddare con acqua corrente fresca,D,"ERC Guidelines 2025, First Aid"
Primo Soccorso,PS153,Per quanto tempo va raffreddata indicativamente un’ustione termica?,Circa 20 minuti,30 secondi,Due ore con ghiaccio,Finché la pelle diventa insensibile,A,"ERC Guidelines 2025, First Aid"
Primo Soccorso,PS154,Scenario ustioni: quale tra le seguenti affermazioni è corretta? Per quanto tempo va raffreddata indicativamente un’ustione termica?,Due ore con ghiaccio,Finché la pelle diventa insensibile,Circa 20 minuti,30 secondi,C,"ERC Guidelines 2025, First Aid"
Primo Soccorso,PS155,"Cosa va rimosso presto vicino a una zona ustionata, se non aderente?",Tessuto fuso aderente,Pelle lesionata,Qualsiasi medicazione sterile,"Anelli, orologi e indumenti non attaccati",D,INAIL 2018; ERC Guidelines 2025
Primo Soccorso,PS156,"Scenario ustioni: quale tra le seguenti affermazioni è corretta? Cosa va rimosso presto vicino a una zona ustionata, se non aderente?",Qualsiasi medicazione sterile,"Anelli, orologi e indumenti non attaccati",Tessuto fuso aderente,Pelle lesionata,B,INAIL 2018; ERC Guidelines 2025
Primo Soccorso,PS157,Come si copre un’ustione dopo il raffreddamento?,Con dentifricio,Con terra umida,Con medicazione sterile non aderente o pellicola pulita adatta,Con cotone incollato,C,"ERC Guidelines 2025, First Aid"
Primo Soccorso,PS158,Scenario ustioni: quale tra le seguenti affermazioni è corretta? Come si copre un’ustione dopo il raffreddamento?,Con medicazione sterile non aderente o pellicola pulita adatta,Con cotone incollato,Con dentifricio,Con terra umida,A,"ERC Guidelines 2025, First Aid"
Primo Soccorso,PS159,"In un’ustione chimica cutanea, dopo aver protetto il soccorritore, cosa fare?",Massaggiare la zona,Rimuovere il contaminante e irrigare abbondantemente secondo la sostanza,Neutralizzare sempre con un’altra sostanza,Applicare ghiaccio,B,"INAIL, Primo soccorso nei luoghi di lavoro, 2018"
Primo Soccorso,PS160,"Scenario ustioni: quale tra le seguenti affermazioni è corretta? In un’ustione chimica cutanea, dopo aver protetto il soccorritore, cosa fare?",Neutralizzare sempre con un’altra sostanza,Applicare ghiaccio,Massaggiare la zona,Rimuovere il contaminante e irrigare abbondantemente secondo la sostanza,D,"INAIL, Primo soccorso nei luoghi di lavoro, 2018"
Primo Soccorso,PS161,Una sostanza chimica in polvere sulla cute va inizialmente?,"Spazzolata via con cautela prima dell’irrigazione, se appropriato",Bagnata senza rimuoverla mai,Strofinata a mani nude,Coperta con crema,A,"INAIL, Primo soccorso nei luoghi di lavoro, 2018"
Primo Soccorso,PS162,Scenario ustioni: quale tra le seguenti affermazioni è corretta? Una sostanza chimica in polvere sulla cute va inizialmente?,Strofinata a mani nude,Coperta con crema,"Spazzolata via con cautela prima dell’irrigazione, se appropriato",Bagnata senza rimuoverla mai,C,"INAIL, Primo soccorso nei luoghi di lavoro, 2018"
Primo Soccorso,PS163,"In caso di sostanza chimica nell’occhio, cosa fare?",Tenere l’occhio chiuso senza lavare,Usare collirio anestetico non prescritto,Neutralizzare con aceto,"Irrigare immediatamente e a lungo, evitando di contaminare l’altro occhio",D,"INAIL, Primo soccorso nei luoghi di lavoro, 2018"
Primo Soccorso,PS164,"Scenario ustioni: quale tra le seguenti affermazioni è corretta? In caso di sostanza chimica nell’occhio, cosa fare?",Neutralizzare con aceto,"Irrigare immediatamente e a lungo, evitando di contaminare l’altro occhio",Tenere l’occhio chiuso senza lavare,Usare collirio anestetico non prescritto,B,"INAIL, Primo soccorso nei luoghi di lavoro, 2018"
Primo Soccorso,PS165,Una persona folgorata può essere toccata subito?,Solo se è cosciente,"Sì, afferrandola dai polsi",Solo dopo aver interrotto o reso sicura la fonte elettrica,"Sì, sempre a mani nude",C,"INAIL, Primo soccorso nei luoghi di lavoro, 2018"
Primo Soccorso,PS166,Scenario ustioni: quale tra le seguenti affermazioni è corretta? Una persona folgorata può essere toccata subito?,Solo dopo aver interrotto o reso sicura la fonte elettrica,"Sì, sempre a mani nude",Solo se è cosciente,"Sì, afferrandola dai polsi",A,"INAIL, Primo soccorso nei luoghi di lavoro, 2018"
Primo Soccorso,PS167,"Dopo una folgorazione, quale rischio va sempre considerato?",Nessun rischio se non ci sono fiamme,Alterazioni cardiache e lesioni interne,Solo una piccola irritazione cutanea,Esclusivamente febbre,B,"INAIL, Primo soccorso nei luoghi di lavoro, 2018"
Primo Soccorso,PS168,"Scenario ustioni: quale tra le seguenti affermazioni è corretta? Dopo una folgorazione, quale rischio va sempre considerato?",Solo una piccola irritazione cutanea,Esclusivamente febbre,Nessun rischio se non ci sono fiamme,Alterazioni cardiache e lesioni interne,D,"INAIL, Primo soccorso nei luoghi di lavoro, 2018"
Primo Soccorso,PS169,Quali ustioni richiedono valutazione urgente?,"Ustioni estese, profonde, elettriche, chimiche o in sedi critiche",Solo arrossamenti minimi,Esclusivamente ustioni solari lievi,Nessuna se il dolore è modesto,A,"ERC Guidelines 2025, First Aid"
Primo Soccorso,PS170,Scenario ustioni: quale tra le seguenti affermazioni è corretta? Quali ustioni richiedono valutazione urgente?,Esclusivamente ustioni solari lievi,Nessuna se il dolore è modesto,"Ustioni estese, profonde, elettriche, chimiche o in sedi critiche",Solo arrossamenti minimi,C,"ERC Guidelines 2025, First Aid"
Primo Soccorso,PS171,"Davanti a dolore toracico sospetto per infarto, cosa bisogna fare?",Far guidare la persona in ospedale,Farle fare esercizio,Aspettare che passi per ore,Attivare subito il 112/118 e far riposare la persona,D,"Ministero della Salute; ERC Guidelines 2025, First Aid"
Primo Soccorso,PS172,"Scenario malori: quale tra le seguenti affermazioni è corretta? Davanti a dolore toracico sospetto per infarto, cosa bisogna fare?",Aspettare che passi per ore,Attivare subito il 112/118 e far riposare la persona,Far guidare la persona in ospedale,Farle fare esercizio,B,"Ministero della Salute; ERC Guidelines 2025, First Aid"
Primo Soccorso,PS173,Quale insieme di segni può indicare un ictus?,Dolore isolato al tallone,Singhiozzo dopo un pasto,"Bocca storta, debolezza di un braccio e difficoltà nel parlare",Prurito a entrambe le mani,C,"Ministero della Salute, riconoscere l’ictus"
Primo Soccorso,PS174,Scenario malori: quale tra le seguenti affermazioni è corretta? Quale insieme di segni può indicare un ictus?,"Bocca storta, debolezza di un braccio e difficoltà nel parlare",Prurito a entrambe le mani,Dolore isolato al tallone,Singhiozzo dopo un pasto,A,"Ministero della Salute, riconoscere l’ictus"
Primo Soccorso,PS175,In presenza di segni di ictus cosa è essenziale annotare?,Il nome del farmacista,L’ora di esordio o l’ultima volta vista bene,Il numero di scarpe,L’ultimo pasto soltanto,B,"Ministero della Salute, riconoscere l’ictus"
Primo Soccorso,PS176,Scenario malori: quale tra le seguenti affermazioni è corretta? In presenza di segni di ictus cosa è essenziale annotare?,Il numero di scarpe,L’ultimo pasto soltanto,Il nome del farmacista,L’ora di esordio o l’ultima volta vista bene,D,"Ministero della Salute, riconoscere l’ictus"
Primo Soccorso,PS177,"In caso di sospetto ictus, quale trasporto è raccomandato?",Attivazione 112/118 per invio al centro idoneo,Auto privata guidata dalla persona,Trasporto pubblico,Attendere il giorno successivo,A,"Ministero della Salute, riconoscere l’ictus"
Primo Soccorso,PS178,"Scenario malori: quale tra le seguenti affermazioni è corretta? In caso di sospetto ictus, quale trasporto è raccomandato?",Trasporto pubblico,Attendere il giorno successivo,Attivazione 112/118 per invio al centro idoneo,Auto privata guidata dalla persona,C,"Ministero della Salute, riconoscere l’ictus"
Primo Soccorso,PS179,Durante una crisi convulsiva cosa bisogna fare?,Bloccare con forza gli arti,Inserire un oggetto in bocca,Dare acqua durante le scosse,Proteggere la persona da urti e liberare lo spazio,D,"INAIL, Primo soccorso nei luoghi di lavoro, 2018"
Primo Soccorso,PS180,Scenario malori: quale tra le seguenti affermazioni è corretta? Durante una crisi convulsiva cosa bisogna fare?,Dare acqua durante le scosse,Proteggere la persona da urti e liberare lo spazio,Bloccare con forza gli arti,Inserire un oggetto in bocca,B,"INAIL, Primo soccorso nei luoghi di lavoro, 2018"
Primo Soccorso,PS181,Durante una convulsione è corretto mettere qualcosa tra i denti?,"Sì, le dita","Sì, una compressa",No,"Sì, un oggetto rigido",C,"INAIL, Primo soccorso nei luoghi di lavoro, 2018"
Primo Soccorso,PS182,Scenario malori: quale tra le seguenti affermazioni è corretta? Durante una convulsione è corretto mettere qualcosa tra i denti?,No,"Sì, un oggetto rigido","Sì, le dita","Sì, una compressa",A,"INAIL, Primo soccorso nei luoghi di lavoro, 2018"
Primo Soccorso,PS183,"Dopo la fine delle convulsioni, se la persona respira ma non è pienamente cosciente, cosa fare?",Lasciarla sola,"Proteggere le vie aeree, porla sul fianco se appropriato e monitorare",Farla camminare,Darle subito da bere,B,INAIL 2018; ERC Guidelines 2025
Primo Soccorso,PS184,"Scenario malori: quale tra le seguenti affermazioni è corretta? Dopo la fine delle convulsioni, se la persona respira ma non è pienamente cosciente, cosa fare?",Farla camminare,Darle subito da bere,Lasciarla sola,"Proteggere le vie aeree, porla sul fianco se appropriato e monitorare",D,INAIL 2018; ERC Guidelines 2025
Primo Soccorso,PS185,Quando una crisi convulsiva richiede chiamata urgente?,"Se è prolungata, si ripete, è la prima, vi sono traumi o difficoltà respiratorie",Solo se avviene di notte,Mai,Solo se la persona lo chiede durante la crisi,A,"INAIL, Primo soccorso nei luoghi di lavoro, 2018"
Primo Soccorso,PS186,Scenario malori: quale tra le seguenti affermazioni è corretta? Quando una crisi convulsiva richiede chiamata urgente?,Mai,Solo se la persona lo chiede durante la crisi,"Se è prolungata, si ripete, è la prima, vi sono traumi o difficoltà respiratorie",Solo se avviene di notte,C,"INAIL, Primo soccorso nei luoghi di lavoro, 2018"
Primo Soccorso,PS187,Una persona diabetica cosciente con sospetta ipoglicemia e capace di deglutire può ricevere?,Insulina aggiuntiva scelta dal soccorritore,Alcol,Solo acqua senza zucchero,Zucchero o bevanda zuccherata,D,"ERC Guidelines 2025, First Aid"
Primo Soccorso,PS188,Scenario malori: quale tra le seguenti affermazioni è corretta? Una persona diabetica cosciente con sospetta ipoglicemia e capace di deglutire può ricevere?,Solo acqua senza zucchero,Zucchero o bevanda zuccherata,Insulina aggiuntiva scelta dal soccorritore,Alcol,B,"ERC Guidelines 2025, First Aid"
Primo Soccorso,PS189,A una persona incosciente con sospetta ipoglicemia si deve dare cibo o bevande per bocca?,Solo caffè,Solo cibi solidi,No,"Sì, sempre",C,"ERC Guidelines 2025, First Aid"
Primo Soccorso,PS190,Scenario malori: quale tra le seguenti affermazioni è corretta? A una persona incosciente con sospetta ipoglicemia si deve dare cibo o bevande per bocca?,No,"Sì, sempre",Solo caffè,Solo cibi solidi,A,"ERC Guidelines 2025, First Aid"
Primo Soccorso,PS191,"In caso di svenimento semplice, se non vi sono traumi e la persona respira, cosa è corretto?",Darle farmaci,"Adagiarla, favorire il recupero e monitorarla",Tenerla in piedi,Schiaffeggiarla,B,"INAIL, Primo soccorso nei luoghi di lavoro, 2018"
Primo Soccorso,PS192,"Scenario malori: quale tra le seguenti affermazioni è corretta? In caso di svenimento semplice, se non vi sono traumi e la persona respira, cosa è corretto?",Tenerla in piedi,Schiaffeggiarla,Darle farmaci,"Adagiarla, favorire il recupero e monitorarla",D,"INAIL, Primo soccorso nei luoghi di lavoro, 2018"
Primo Soccorso,PS193,"Se una persona svenuta non recupera rapidamente o ha respiro anomalo, cosa fare?",Attivare l’emergenza e valutare la necessità di RCP,Darle da bere,Farle fare una doccia,Lasciarla dormire da sola,A,INAIL 2018; ERC Guidelines 2025
Primo Soccorso,PS194,"Scenario malori: quale tra le seguenti affermazioni è corretta? Se una persona svenuta non recupera rapidamente o ha respiro anomalo, cosa fare?",Farle fare una doccia,Lasciarla dormire da sola,Attivare l’emergenza e valutare la necessità di RCP,Darle da bere,C,INAIL 2018; ERC Guidelines 2025
Primo Soccorso,PS195,"In una reazione allergica grave con difficoltà respiratoria e gonfiore, cosa fare?",Dare solo acqua,Aspettare un’ora,Far camminare velocemente,Chiamare subito il 112/118 e aiutare con l’auto-iniettore prescritto se addestrati,D,"ERC Guidelines 2025, First Aid"
Primo Soccorso,PS196,"Scenario malori: quale tra le seguenti affermazioni è corretta? In una reazione allergica grave con difficoltà respiratoria e gonfiore, cosa fare?",Far camminare velocemente,Chiamare subito il 112/118 e aiutare con l’auto-iniettore prescritto se addestrati,Dare solo acqua,Aspettare un’ora,B,"ERC Guidelines 2025, First Aid"
Primo Soccorso,PS197,Dopo l’uso dell’auto-iniettore di adrenalina è ancora necessario chiamare i soccorsi?,Solo il giorno dopo,Solo se il dispositivo è scaduto,Sì,"No, mai",C,"ERC Guidelines 2025, First Aid"
Primo Soccorso,PS198,Scenario malori: quale tra le seguenti affermazioni è corretta? Dopo l’uso dell’auto-iniettore di adrenalina è ancora necessario chiamare i soccorsi?,Sì,"No, mai",Solo il giorno dopo,Solo se il dispositivo è scaduto,A,"ERC Guidelines 2025, First Aid"
Primo Soccorso,PS199,"In caso di crisi asmatica, come si può aiutare una persona cosciente?",Farla correre,Favorire la posizione comoda e aiutarla a usare il proprio inalatore prescritto,Obbligarla a sdraiarsi supina,Darle un farmaco di un collega,B,"ERC Guidelines 2025, First Aid"
Primo Soccorso,PS200,"Scenario malori: quale tra le seguenti affermazioni è corretta? In caso di crisi asmatica, come si può aiutare una persona cosciente?",Obbligarla a sdraiarsi supina,Darle un farmaco di un collega,Farla correre,Favorire la posizione comoda e aiutarla a usare il proprio inalatore prescritto,D,"ERC Guidelines 2025, First Aid"
Primo Soccorso,PS201,"In caso di sospetta intossicazione, prima di intervenire cosa bisogna fare?",Proteggersi dall’esposizione e identificare sostanza e via di contatto,Assaggiare la sostanza,Indurre sempre il vomito,Entrare senza DPI,A,"INAIL, Primo soccorso nei luoghi di lavoro, 2018"
Primo Soccorso,PS202,"Scenario ambiente-intossicazioni: quale tra le seguenti affermazioni è corretta? In caso di sospetta intossicazione, prima di intervenire cosa bisogna fare?",Indurre sempre il vomito,Entrare senza DPI,Proteggersi dall’esposizione e identificare sostanza e via di contatto,Assaggiare la sostanza,C,"INAIL, Primo soccorso nei luoghi di lavoro, 2018"
Primo Soccorso,PS203,È corretto indurre il vomito dopo ingestione di una sostanza tossica?,"Sì, sempre",Solo con acqua salata,Solo se la sostanza è corrosiva,"No, salvo precisa indicazione del centro antiveleni o dei sanitari",D,"INAIL, Primo soccorso nei luoghi di lavoro, 2018"
Primo Soccorso,PS204,Scenario ambiente-intossicazioni: quale tra le seguenti affermazioni è corretta? È corretto indurre il vomito dopo ingestione di una sostanza tossica?,Solo se la sostanza è corrosiva,"No, salvo precisa indicazione del centro antiveleni o dei sanitari","Sì, sempre",Solo con acqua salata,B,"INAIL, Primo soccorso nei luoghi di lavoro, 2018"
Primo Soccorso,PS205,Quale informazione è utile conservare per i sanitari in caso di intossicazione?,Il registro presenze soltanto,La marca della cassetta,"Etichetta, confezione o scheda di sicurezza della sostanza",Solo il colore degli abiti,C,"INAIL, Primo soccorso nei luoghi di lavoro, 2018"
Primo Soccorso,PS206,Scenario ambiente-intossicazioni: quale tra le seguenti affermazioni è corretta? Quale informazione è utile conservare per i sanitari in caso di intossicazione?,"Etichetta, confezione o scheda di sicurezza della sostanza",Solo il colore degli abiti,Il registro presenze soltanto,La marca della cassetta,A,"INAIL, Primo soccorso nei luoghi di lavoro, 2018"
Primo Soccorso,PS207,"In presenza di gas in un ambiente confinato, un soccorritore non addestrato deve?",Entrare da solo con un fazzoletto,Non entrare e attivare soccorsi specializzati,Entrare trattenendo il respiro,Accendere una fiamma,B,"INAIL, Primo soccorso nei luoghi di lavoro, 2018"
Primo Soccorso,PS208,"Scenario ambiente-intossicazioni: quale tra le seguenti affermazioni è corretta? In presenza di gas in un ambiente confinato, un soccorritore non addestrato deve?",Entrare trattenendo il respiro,Accendere una fiamma,Entrare da solo con un fazzoletto,Non entrare e attivare soccorsi specializzati,D,"INAIL, Primo soccorso nei luoghi di lavoro, 2018"
Primo Soccorso,PS209,"Per un colpo di calore con alterazione mentale, cosa occorre fare?",Chiamare i soccorsi e iniziare un raffreddamento rapido,Coprire con molte coperte,Dare alcol,Far svolgere attività fisica,A,"ERC Guidelines 2025, First Aid"
Primo Soccorso,PS210,"Scenario ambiente-intossicazioni: quale tra le seguenti affermazioni è corretta? Per un colpo di calore con alterazione mentale, cosa occorre fare?",Dare alcol,Far svolgere attività fisica,Chiamare i soccorsi e iniziare un raffreddamento rapido,Coprire con molte coperte,C,"ERC Guidelines 2025, First Aid"
Primo Soccorso,PS211,Quale segno rende particolarmente grave una malattia da calore?,Sete lieve isolata,Sudorazione dopo esercizio senza altri sintomi,Arrossamento minimo,Alterazione dello stato di coscienza,D,"ERC Guidelines 2025, First Aid"
Primo Soccorso,PS212,Scenario ambiente-intossicazioni: quale tra le seguenti affermazioni è corretta? Quale segno rende particolarmente grave una malattia da calore?,Arrossamento minimo,Alterazione dello stato di coscienza,Sete lieve isolata,Sudorazione dopo esercizio senza altri sintomi,B,"ERC Guidelines 2025, First Aid"
Primo Soccorso,PS213,"In caso di ipotermia, come va gestita la persona?",Immergendola subito in acqua bollente,Somministrando alcol,"Con delicatezza, isolandola dal freddo e rimuovendo indumenti bagnati se possibile",Strofinando energicamente gli arti,C,"ERC Guidelines 2025, First Aid"
Primo Soccorso,PS214,"Scenario ambiente-intossicazioni: quale tra le seguenti affermazioni è corretta? In caso di ipotermia, come va gestita la persona?","Con delicatezza, isolandola dal freddo e rimuovendo indumenti bagnati se possibile",Strofinando energicamente gli arti,Immergendola subito in acqua bollente,Somministrando alcol,A,"ERC Guidelines 2025, First Aid"
Primo Soccorso,PS215,"In una persona con grave ipotermia, la valutazione del respiro richiede particolare attenzione perché?",Il DAE è sempre vietato,Il respiro può essere molto lento e difficile da rilevare,Il respiro è sempre accelerato,La persona non può avere arresto cardiaco,B,"ERC Guidelines 2025, First Aid"
Primo Soccorso,PS216,"Scenario ambiente-intossicazioni: quale tra le seguenti affermazioni è corretta? In una persona con grave ipotermia, la valutazione del respiro richiede particolare attenzione perché?",Il respiro è sempre accelerato,La persona non può avere arresto cardiaco,Il DAE è sempre vietato,Il respiro può essere molto lento e difficile da rilevare,D,"ERC Guidelines 2025, First Aid"
Primo Soccorso,PS217,"Dopo il recupero dall’acqua di una persona che non respira normalmente, cosa fare?",Attivare i soccorsi e iniziare la RCP,Far uscire l’acqua comprimendo l’addome,Appenderla a testa in giù,Attendere che tossisca,A,ERC Guidelines 2025
Primo Soccorso,PS218,"Scenario ambiente-intossicazioni: quale tra le seguenti affermazioni è corretta? Dopo il recupero dall’acqua di una persona che non respira normalmente, cosa fare?",Appenderla a testa in giù,Attendere che tossisca,Attivare i soccorsi e iniziare la RCP,Far uscire l’acqua comprimendo l’addome,C,ERC Guidelines 2025
Primo Soccorso,PS219,"In caso di morso di serpente, cosa è corretto?",Incidere e succhiare la ferita,Applicare ghiaccio direttamente per ore,Far correre la persona,"Tenere la persona a riposo, immobilizzare l’arto e attivare i soccorsi",D,"ERC Guidelines 2025, First Aid"
Primo Soccorso,PS220,"Scenario ambiente-intossicazioni: quale tra le seguenti affermazioni è corretta? In caso di morso di serpente, cosa è corretto?",Far correre la persona,"Tenere la persona a riposo, immobilizzare l’arto e attivare i soccorsi",Incidere e succhiare la ferita,Applicare ghiaccio direttamente per ore,B,"ERC Guidelines 2025, First Aid"
